# https://github.com/mikedh/trimesh

o ALT1_N1
v -0.25000000 0.00000000 0.00000000 0.83921569 0.84705882 0.82352941
v -0.25000000 0.00000000 0.25000000 0.83921569 0.84705882 0.82352941
v -0.25000000 7.50000000 0.00000000 0.83921569 0.84705882 0.82352941
v -0.25000000 7.50000000 0.25000000 0.83921569 0.84705882 0.82352941
v 15.23000000 0.00000000 0.00000000 0.83921569 0.84705882 0.82352941
v 15.23000000 0.00000000 0.25000000 0.83921569 0.84705882 0.82352941
v 15.23000000 7.50000000 0.00000000 0.83921569 0.84705882 0.82352941
v 15.23000000 7.50000000 0.25000000 0.83921569 0.84705882 0.82352941
v 15.23000000 5.00000000 0.00000000 0.83921569 0.84705882 0.82352941
v 15.23000000 5.00000000 0.25000000 0.83921569 0.84705882 0.82352941
v 15.23000000 7.50000000 0.00000000 0.83921569 0.84705882 0.82352941
v 15.23000000 7.50000000 0.25000000 0.83921569 0.84705882 0.82352941
v 18.81000000 5.00000000 0.00000000 0.83921569 0.84705882 0.82352941
v 18.81000000 5.00000000 0.25000000 0.83921569 0.84705882 0.82352941
v 18.81000000 7.50000000 0.00000000 0.83921569 0.84705882 0.82352941
v 18.81000000 7.50000000 0.25000000 0.83921569 0.84705882 0.82352941
v 18.81000000 0.00000000 0.00000000 0.83921569 0.84705882 0.82352941
v 18.81000000 0.00000000 0.25000000 0.83921569 0.84705882 0.82352941
v 18.81000000 7.50000000 0.00000000 0.83921569 0.84705882 0.82352941
v 18.81000000 7.50000000 0.25000000 0.83921569 0.84705882 0.82352941
v 19.06000000 0.00000000 0.00000000 0.83921569 0.84705882 0.82352941
v 19.06000000 0.00000000 0.25000000 0.83921569 0.84705882 0.82352941
v 19.06000000 7.50000000 0.00000000 0.83921569 0.84705882 0.82352941
v 19.06000000 7.50000000 0.25000000 0.83921569 0.84705882 0.82352941
v -0.25000000 0.00000000 -67.52000000 0.83921569 0.84705882 0.82352941
v -0.25000000 0.00000000 -67.27000000 0.83921569 0.84705882 0.82352941
v -0.25000000 7.50000000 -67.52000000 0.83921569 0.84705882 0.82352941
v -0.25000000 7.50000000 -67.27000000 0.83921569 0.84705882 0.82352941
v 6.09000000 0.00000000 -67.52000000 0.83921569 0.84705882 0.82352941
v 6.09000000 0.00000000 -67.27000000 0.83921569 0.84705882 0.82352941
v 6.09000000 7.50000000 -67.52000000 0.83921569 0.84705882 0.82352941
v 6.09000000 7.50000000 -67.27000000 0.83921569 0.84705882 0.82352941
v 6.09000000 5.00000000 -67.52000000 0.83921569 0.84705882 0.82352941
v 6.09000000 5.00000000 -67.27000000 0.83921569 0.84705882 0.82352941
v 6.09000000 7.50000000 -67.52000000 0.83921569 0.84705882 0.82352941
v 6.09000000 7.50000000 -67.27000000 0.83921569 0.84705882 0.82352941
v 12.71000000 5.00000000 -67.52000000 0.83921569 0.84705882 0.82352941
v 12.71000000 5.00000000 -67.27000000 0.83921569 0.84705882 0.82352941
v 12.71000000 7.50000000 -67.52000000 0.83921569 0.84705882 0.82352941
v 12.71000000 7.50000000 -67.27000000 0.83921569 0.84705882 0.82352941
v 12.71000000 0.00000000 -67.52000000 0.83921569 0.84705882 0.82352941
v 12.71000000 0.00000000 -67.27000000 0.83921569 0.84705882 0.82352941
v 12.71000000 7.50000000 -67.52000000 0.83921569 0.84705882 0.82352941
v 12.71000000 7.50000000 -67.27000000 0.83921569 0.84705882 0.82352941
v 19.06000000 0.00000000 -67.52000000 0.83921569 0.84705882 0.82352941
v 19.06000000 0.00000000 -67.27000000 0.83921569 0.84705882 0.82352941
v 19.06000000 7.50000000 -67.52000000 0.83921569 0.84705882 0.82352941
v 19.06000000 7.50000000 -67.27000000 0.83921569 0.84705882 0.82352941
v -0.25000000 0.00000000 -40.00000000 0.83921569 0.84705882 0.82352941
v -0.25000000 0.00000000 0.00000000 0.83921569 0.84705882 0.82352941
v -0.25000000 7.50000000 -40.00000000 0.83921569 0.84705882 0.82352941
v -0.25000000 7.50000000 0.00000000 0.83921569 0.84705882 0.82352941
v 0.00000000 0.00000000 -40.00000000 0.83921569 0.84705882 0.82352941
v 0.00000000 0.00000000 0.00000000 0.83921569 0.84705882 0.82352941
v 0.00000000 7.50000000 -40.00000000 0.83921569 0.84705882 0.82352941
v 0.00000000 7.50000000 0.00000000 0.83921569 0.84705882 0.82352941
v -0.25000000 5.00000000 -50.00000000 0.83921569 0.84705882 0.82352941
v -0.25000000 5.00000000 -40.00000000 0.83921569 0.84705882 0.82352941
v -0.25000000 7.50000000 -50.00000000 0.83921569 0.84705882 0.82352941
v -0.25000000 7.50000000 -40.00000000 0.83921569 0.84705882 0.82352941
v 0.00000000 5.00000000 -50.00000000 0.83921569 0.84705882 0.82352941
v 0.00000000 5.00000000 -40.00000000 0.83921569 0.84705882 0.82352941
v 0.00000000 7.50000000 -50.00000000 0.83921569 0.84705882 0.82352941
v 0.00000000 7.50000000 -40.00000000 0.83921569 0.84705882 0.82352941
v -0.25000000 0.00000000 -67.27000000 0.83921569 0.84705882 0.82352941
v -0.25000000 0.00000000 -50.00000000 0.83921569 0.84705882 0.82352941
v -0.25000000 7.50000000 -67.27000000 0.83921569 0.84705882 0.82352941
v -0.25000000 7.50000000 -50.00000000 0.83921569 0.84705882 0.82352941
v 0.00000000 0.00000000 -67.27000000 0.83921569 0.84705882 0.82352941
v 0.00000000 0.00000000 -50.00000000 0.83921569 0.84705882 0.82352941
v 0.00000000 7.50000000 -67.27000000 0.83921569 0.84705882 0.82352941
v 0.00000000 7.50000000 -50.00000000 0.83921569 0.84705882 0.82352941
v 18.81000000 0.00000000 -67.27000000 0.83921569 0.84705882 0.82352941
v 18.81000000 0.00000000 0.00000000 0.83921569 0.84705882 0.82352941
v 18.81000000 7.50000000 -67.27000000 0.83921569 0.84705882 0.82352941
v 18.81000000 7.50000000 0.00000000 0.83921569 0.84705882 0.82352941
v 19.06000000 0.00000000 -67.27000000 0.83921569 0.84705882 0.82352941
v 19.06000000 0.00000000 0.00000000 0.83921569 0.84705882 0.82352941
v 19.06000000 7.50000000 -67.27000000 0.83921569 0.84705882 0.82352941
v 19.06000000 7.50000000 0.00000000 0.83921569 0.84705882 0.82352941
v -0.00000000 0.00000000 -0.18000000 0.55294118 0.57254902 0.54117647
v -0.00000000 0.00000000 0.18000000 0.55294118 0.57254902 0.54117647
v -0.00000000 7.50000000 -0.18000000 0.55294118 0.57254902 0.54117647
v -0.00000000 7.50000000 0.18000000 0.55294118 0.57254902 0.54117647
v 0.35000000 0.00000000 -0.18000000 0.55294118 0.57254902 0.54117647
v 0.35000000 0.00000000 0.18000000 0.55294118 0.57254902 0.54117647
v 0.35000000 7.50000000 -0.18000000 0.55294118 0.57254902 0.54117647
v 0.35000000 7.50000000 0.18000000 0.55294118 0.57254902 0.54117647
v 18.46000000 0.00000000 -0.18000000 0.55294118 0.57254902 0.54117647
v 18.46000000 0.00000000 0.18000000 0.55294118 0.57254902 0.54117647
v 18.46000000 7.50000000 -0.18000000 0.55294118 0.57254902 0.54117647
v 18.46000000 7.50000000 0.18000000 0.55294118 0.57254902 0.54117647
v 18.81000000 0.00000000 -0.18000000 0.55294118 0.57254902 0.54117647
v 18.81000000 0.00000000 0.18000000 0.55294118 0.57254902 0.54117647
v 18.81000000 7.50000000 -0.18000000 0.55294118 0.57254902 0.54117647
v 18.81000000 7.50000000 0.18000000 0.55294118 0.57254902 0.54117647
v -0.00000000 0.00000000 -5.18000000 0.55294118 0.57254902 0.54117647
v -0.00000000 0.00000000 -4.82000000 0.55294118 0.57254902 0.54117647
v -0.00000000 7.50000000 -5.18000000 0.55294118 0.57254902 0.54117647
v -0.00000000 7.50000000 -4.82000000 0.55294118 0.57254902 0.54117647
v 0.35000000 0.00000000 -5.18000000 0.55294118 0.57254902 0.54117647
v 0.35000000 0.00000000 -4.82000000 0.55294118 0.57254902 0.54117647
v 0.35000000 7.50000000 -5.18000000 0.55294118 0.57254902 0.54117647
v 0.35000000 7.50000000 -4.82000000 0.55294118 0.57254902 0.54117647
v 18.46000000 0.00000000 -5.18000000 0.55294118 0.57254902 0.54117647
v 18.46000000 0.00000000 -4.82000000 0.55294118 0.57254902 0.54117647
v 18.46000000 7.50000000 -5.18000000 0.55294118 0.57254902 0.54117647
v 18.46000000 7.50000000 -4.82000000 0.55294118 0.57254902 0.54117647
v 18.81000000 0.00000000 -5.18000000 0.55294118 0.57254902 0.54117647
v 18.81000000 0.00000000 -4.82000000 0.55294118 0.57254902 0.54117647
v 18.81000000 7.50000000 -5.18000000 0.55294118 0.57254902 0.54117647
v 18.81000000 7.50000000 -4.82000000 0.55294118 0.57254902 0.54117647
v -0.00000000 0.00000000 -10.18000000 0.55294118 0.57254902 0.54117647
v -0.00000000 0.00000000 -9.82000000 0.55294118 0.57254902 0.54117647
v -0.00000000 7.50000000 -10.18000000 0.55294118 0.57254902 0.54117647
v -0.00000000 7.50000000 -9.82000000 0.55294118 0.57254902 0.54117647
v 0.35000000 0.00000000 -10.18000000 0.55294118 0.57254902 0.54117647
v 0.35000000 0.00000000 -9.82000000 0.55294118 0.57254902 0.54117647
v 0.35000000 7.50000000 -10.18000000 0.55294118 0.57254902 0.54117647
v 0.35000000 7.50000000 -9.82000000 0.55294118 0.57254902 0.54117647
v 18.46000000 0.00000000 -10.18000000 0.55294118 0.57254902 0.54117647
v 18.46000000 0.00000000 -9.82000000 0.55294118 0.57254902 0.54117647
v 18.46000000 7.50000000 -10.18000000 0.55294118 0.57254902 0.54117647
v 18.46000000 7.50000000 -9.82000000 0.55294118 0.57254902 0.54117647
v 18.81000000 0.00000000 -10.18000000 0.55294118 0.57254902 0.54117647
v 18.81000000 0.00000000 -9.82000000 0.55294118 0.57254902 0.54117647
v 18.81000000 7.50000000 -10.18000000 0.55294118 0.57254902 0.54117647
v 18.81000000 7.50000000 -9.82000000 0.55294118 0.57254902 0.54117647
v -0.00000000 0.00000000 -15.18000000 0.55294118 0.57254902 0.54117647
v -0.00000000 0.00000000 -14.82000000 0.55294118 0.57254902 0.54117647
v -0.00000000 7.50000000 -15.18000000 0.55294118 0.57254902 0.54117647
v -0.00000000 7.50000000 -14.82000000 0.55294118 0.57254902 0.54117647
v 0.35000000 0.00000000 -15.18000000 0.55294118 0.57254902 0.54117647
v 0.35000000 0.00000000 -14.82000000 0.55294118 0.57254902 0.54117647
v 0.35000000 7.50000000 -15.18000000 0.55294118 0.57254902 0.54117647
v 0.35000000 7.50000000 -14.82000000 0.55294118 0.57254902 0.54117647
v 18.46000000 0.00000000 -15.18000000 0.55294118 0.57254902 0.54117647
v 18.46000000 0.00000000 -14.82000000 0.55294118 0.57254902 0.54117647
v 18.46000000 7.50000000 -15.18000000 0.55294118 0.57254902 0.54117647
v 18.46000000 7.50000000 -14.82000000 0.55294118 0.57254902 0.54117647
v 18.81000000 0.00000000 -15.18000000 0.55294118 0.57254902 0.54117647
v 18.81000000 0.00000000 -14.82000000 0.55294118 0.57254902 0.54117647
v 18.81000000 7.50000000 -15.18000000 0.55294118 0.57254902 0.54117647
v 18.81000000 7.50000000 -14.82000000 0.55294118 0.57254902 0.54117647
v -0.00000000 0.00000000 -20.18000000 0.55294118 0.57254902 0.54117647
v -0.00000000 0.00000000 -19.82000000 0.55294118 0.57254902 0.54117647
v -0.00000000 7.50000000 -20.18000000 0.55294118 0.57254902 0.54117647
v -0.00000000 7.50000000 -19.82000000 0.55294118 0.57254902 0.54117647
v 0.35000000 0.00000000 -20.18000000 0.55294118 0.57254902 0.54117647
v 0.35000000 0.00000000 -19.82000000 0.55294118 0.57254902 0.54117647
v 0.35000000 7.50000000 -20.18000000 0.55294118 0.57254902 0.54117647
v 0.35000000 7.50000000 -19.82000000 0.55294118 0.57254902 0.54117647
v 18.46000000 0.00000000 -20.18000000 0.55294118 0.57254902 0.54117647
v 18.46000000 0.00000000 -19.82000000 0.55294118 0.57254902 0.54117647
v 18.46000000 7.50000000 -20.18000000 0.55294118 0.57254902 0.54117647
v 18.46000000 7.50000000 -19.82000000 0.55294118 0.57254902 0.54117647
v 18.81000000 0.00000000 -20.18000000 0.55294118 0.57254902 0.54117647
v 18.81000000 0.00000000 -19.82000000 0.55294118 0.57254902 0.54117647
v 18.81000000 7.50000000 -20.18000000 0.55294118 0.57254902 0.54117647
v 18.81000000 7.50000000 -19.82000000 0.55294118 0.57254902 0.54117647
v -0.00000000 0.00000000 -25.18000000 0.55294118 0.57254902 0.54117647
v -0.00000000 0.00000000 -24.82000000 0.55294118 0.57254902 0.54117647
v -0.00000000 7.50000000 -25.18000000 0.55294118 0.57254902 0.54117647
v -0.00000000 7.50000000 -24.82000000 0.55294118 0.57254902 0.54117647
v 0.35000000 0.00000000 -25.18000000 0.55294118 0.57254902 0.54117647
v 0.35000000 0.00000000 -24.82000000 0.55294118 0.57254902 0.54117647
v 0.35000000 7.50000000 -25.18000000 0.55294118 0.57254902 0.54117647
v 0.35000000 7.50000000 -24.82000000 0.55294118 0.57254902 0.54117647
v 18.46000000 0.00000000 -25.18000000 0.55294118 0.57254902 0.54117647
v 18.46000000 0.00000000 -24.82000000 0.55294118 0.57254902 0.54117647
v 18.46000000 7.50000000 -25.18000000 0.55294118 0.57254902 0.54117647
v 18.46000000 7.50000000 -24.82000000 0.55294118 0.57254902 0.54117647
v 18.81000000 0.00000000 -25.18000000 0.55294118 0.57254902 0.54117647
v 18.81000000 0.00000000 -24.82000000 0.55294118 0.57254902 0.54117647
v 18.81000000 7.50000000 -25.18000000 0.55294118 0.57254902 0.54117647
v 18.81000000 7.50000000 -24.82000000 0.55294118 0.57254902 0.54117647
v -0.00000000 0.00000000 -30.18000000 0.55294118 0.57254902 0.54117647
v -0.00000000 0.00000000 -29.82000000 0.55294118 0.57254902 0.54117647
v -0.00000000 7.50000000 -30.18000000 0.55294118 0.57254902 0.54117647
v -0.00000000 7.50000000 -29.82000000 0.55294118 0.57254902 0.54117647
v 0.35000000 0.00000000 -30.18000000 0.55294118 0.57254902 0.54117647
v 0.35000000 0.00000000 -29.82000000 0.55294118 0.57254902 0.54117647
v 0.35000000 7.50000000 -30.18000000 0.55294118 0.57254902 0.54117647
v 0.35000000 7.50000000 -29.82000000 0.55294118 0.57254902 0.54117647
v 18.46000000 0.00000000 -30.18000000 0.55294118 0.57254902 0.54117647
v 18.46000000 0.00000000 -29.82000000 0.55294118 0.57254902 0.54117647
v 18.46000000 7.50000000 -30.18000000 0.55294118 0.57254902 0.54117647
v 18.46000000 7.50000000 -29.82000000 0.55294118 0.57254902 0.54117647
v 18.81000000 0.00000000 -30.18000000 0.55294118 0.57254902 0.54117647
v 18.81000000 0.00000000 -29.82000000 0.55294118 0.57254902 0.54117647
v 18.81000000 7.50000000 -30.18000000 0.55294118 0.57254902 0.54117647
v 18.81000000 7.50000000 -29.82000000 0.55294118 0.57254902 0.54117647
v -0.00000000 0.00000000 -35.18000000 0.55294118 0.57254902 0.54117647
v -0.00000000 0.00000000 -34.82000000 0.55294118 0.57254902 0.54117647
v -0.00000000 7.50000000 -35.18000000 0.55294118 0.57254902 0.54117647
v -0.00000000 7.50000000 -34.82000000 0.55294118 0.57254902 0.54117647
v 0.35000000 0.00000000 -35.18000000 0.55294118 0.57254902 0.54117647
v 0.35000000 0.00000000 -34.82000000 0.55294118 0.57254902 0.54117647
v 0.35000000 7.50000000 -35.18000000 0.55294118 0.57254902 0.54117647
v 0.35000000 7.50000000 -34.82000000 0.55294118 0.57254902 0.54117647
v 18.46000000 0.00000000 -35.18000000 0.55294118 0.57254902 0.54117647
v 18.46000000 0.00000000 -34.82000000 0.55294118 0.57254902 0.54117647
v 18.46000000 7.50000000 -35.18000000 0.55294118 0.57254902 0.54117647
v 18.46000000 7.50000000 -34.82000000 0.55294118 0.57254902 0.54117647
v 18.81000000 0.00000000 -35.18000000 0.55294118 0.57254902 0.54117647
v 18.81000000 0.00000000 -34.82000000 0.55294118 0.57254902 0.54117647
v 18.81000000 7.50000000 -35.18000000 0.55294118 0.57254902 0.54117647
v 18.81000000 7.50000000 -34.82000000 0.55294118 0.57254902 0.54117647
v -0.00000000 0.00000000 -40.18000000 0.55294118 0.57254902 0.54117647
v -0.00000000 0.00000000 -39.82000000 0.55294118 0.57254902 0.54117647
v -0.00000000 7.50000000 -40.18000000 0.55294118 0.57254902 0.54117647
v -0.00000000 7.50000000 -39.82000000 0.55294118 0.57254902 0.54117647
v 0.35000000 0.00000000 -40.18000000 0.55294118 0.57254902 0.54117647
v 0.35000000 0.00000000 -39.82000000 0.55294118 0.57254902 0.54117647
v 0.35000000 7.50000000 -40.18000000 0.55294118 0.57254902 0.54117647
v 0.35000000 7.50000000 -39.82000000 0.55294118 0.57254902 0.54117647
v 18.46000000 0.00000000 -40.18000000 0.55294118 0.57254902 0.54117647
v 18.46000000 0.00000000 -39.82000000 0.55294118 0.57254902 0.54117647
v 18.46000000 7.50000000 -40.18000000 0.55294118 0.57254902 0.54117647
v 18.46000000 7.50000000 -39.82000000 0.55294118 0.57254902 0.54117647
v 18.81000000 0.00000000 -40.18000000 0.55294118 0.57254902 0.54117647
v 18.81000000 0.00000000 -39.82000000 0.55294118 0.57254902 0.54117647
v 18.81000000 7.50000000 -40.18000000 0.55294118 0.57254902 0.54117647
v 18.81000000 7.50000000 -39.82000000 0.55294118 0.57254902 0.54117647
v -0.00000000 0.00000000 -45.18000000 0.55294118 0.57254902 0.54117647
v -0.00000000 0.00000000 -44.82000000 0.55294118 0.57254902 0.54117647
v -0.00000000 7.50000000 -45.18000000 0.55294118 0.57254902 0.54117647
v -0.00000000 7.50000000 -44.82000000 0.55294118 0.57254902 0.54117647
v 0.35000000 0.00000000 -45.18000000 0.55294118 0.57254902 0.54117647
v 0.35000000 0.00000000 -44.82000000 0.55294118 0.57254902 0.54117647
v 0.35000000 7.50000000 -45.18000000 0.55294118 0.57254902 0.54117647
v 0.35000000 7.50000000 -44.82000000 0.55294118 0.57254902 0.54117647
v 18.46000000 0.00000000 -45.18000000 0.55294118 0.57254902 0.54117647
v 18.46000000 0.00000000 -44.82000000 0.55294118 0.57254902 0.54117647
v 18.46000000 7.50000000 -45.18000000 0.55294118 0.57254902 0.54117647
v 18.46000000 7.50000000 -44.82000000 0.55294118 0.57254902 0.54117647
v 18.81000000 0.00000000 -45.18000000 0.55294118 0.57254902 0.54117647
v 18.81000000 0.00000000 -44.82000000 0.55294118 0.57254902 0.54117647
v 18.81000000 7.50000000 -45.18000000 0.55294118 0.57254902 0.54117647
v 18.81000000 7.50000000 -44.82000000 0.55294118 0.57254902 0.54117647
v -0.00000000 0.00000000 -50.18000000 0.55294118 0.57254902 0.54117647
v -0.00000000 0.00000000 -49.82000000 0.55294118 0.57254902 0.54117647
v -0.00000000 7.50000000 -50.18000000 0.55294118 0.57254902 0.54117647
v -0.00000000 7.50000000 -49.82000000 0.55294118 0.57254902 0.54117647
v 0.35000000 0.00000000 -50.18000000 0.55294118 0.57254902 0.54117647
v 0.35000000 0.00000000 -49.82000000 0.55294118 0.57254902 0.54117647
v 0.35000000 7.50000000 -50.18000000 0.55294118 0.57254902 0.54117647
v 0.35000000 7.50000000 -49.82000000 0.55294118 0.57254902 0.54117647
v 18.46000000 0.00000000 -50.18000000 0.55294118 0.57254902 0.54117647
v 18.46000000 0.00000000 -49.82000000 0.55294118 0.57254902 0.54117647
v 18.46000000 7.50000000 -50.18000000 0.55294118 0.57254902 0.54117647
v 18.46000000 7.50000000 -49.82000000 0.55294118 0.57254902 0.54117647
v 18.81000000 0.00000000 -50.18000000 0.55294118 0.57254902 0.54117647
v 18.81000000 0.00000000 -49.82000000 0.55294118 0.57254902 0.54117647
v 18.81000000 7.50000000 -50.18000000 0.55294118 0.57254902 0.54117647
v 18.81000000 7.50000000 -49.82000000 0.55294118 0.57254902 0.54117647
v -0.00000000 0.00000000 -55.18000000 0.55294118 0.57254902 0.54117647
v -0.00000000 0.00000000 -54.82000000 0.55294118 0.57254902 0.54117647
v -0.00000000 7.50000000 -55.18000000 0.55294118 0.57254902 0.54117647
v -0.00000000 7.50000000 -54.82000000 0.55294118 0.57254902 0.54117647
v 0.35000000 0.00000000 -55.18000000 0.55294118 0.57254902 0.54117647
v 0.35000000 0.00000000 -54.82000000 0.55294118 0.57254902 0.54117647
v 0.35000000 7.50000000 -55.18000000 0.55294118 0.57254902 0.54117647
v 0.35000000 7.50000000 -54.82000000 0.55294118 0.57254902 0.54117647
v 18.46000000 0.00000000 -55.18000000 0.55294118 0.57254902 0.54117647
v 18.46000000 0.00000000 -54.82000000 0.55294118 0.57254902 0.54117647
v 18.46000000 7.50000000 -55.18000000 0.55294118 0.57254902 0.54117647
v 18.46000000 7.50000000 -54.82000000 0.55294118 0.57254902 0.54117647
v 18.81000000 0.00000000 -55.18000000 0.55294118 0.57254902 0.54117647
v 18.81000000 0.00000000 -54.82000000 0.55294118 0.57254902 0.54117647
v 18.81000000 7.50000000 -55.18000000 0.55294118 0.57254902 0.54117647
v 18.81000000 7.50000000 -54.82000000 0.55294118 0.57254902 0.54117647
v -0.00000000 0.00000000 -60.18000000 0.55294118 0.57254902 0.54117647
v -0.00000000 0.00000000 -59.82000000 0.55294118 0.57254902 0.54117647
v -0.00000000 7.50000000 -60.18000000 0.55294118 0.57254902 0.54117647
v -0.00000000 7.50000000 -59.82000000 0.55294118 0.57254902 0.54117647
v 0.35000000 0.00000000 -60.18000000 0.55294118 0.57254902 0.54117647
v 0.35000000 0.00000000 -59.82000000 0.55294118 0.57254902 0.54117647
v 0.35000000 7.50000000 -60.18000000 0.55294118 0.57254902 0.54117647
v 0.35000000 7.50000000 -59.82000000 0.55294118 0.57254902 0.54117647
v 18.46000000 0.00000000 -60.18000000 0.55294118 0.57254902 0.54117647
v 18.46000000 0.00000000 -59.82000000 0.55294118 0.57254902 0.54117647
v 18.46000000 7.50000000 -60.18000000 0.55294118 0.57254902 0.54117647
v 18.46000000 7.50000000 -59.82000000 0.55294118 0.57254902 0.54117647
v 18.81000000 0.00000000 -60.18000000 0.55294118 0.57254902 0.54117647
v 18.81000000 0.00000000 -59.82000000 0.55294118 0.57254902 0.54117647
v 18.81000000 7.50000000 -60.18000000 0.55294118 0.57254902 0.54117647
v 18.81000000 7.50000000 -59.82000000 0.55294118 0.57254902 0.54117647
v -0.00000000 0.00000000 -65.18000000 0.55294118 0.57254902 0.54117647
v -0.00000000 0.00000000 -64.82000000 0.55294118 0.57254902 0.54117647
v -0.00000000 7.50000000 -65.18000000 0.55294118 0.57254902 0.54117647
v -0.00000000 7.50000000 -64.82000000 0.55294118 0.57254902 0.54117647
v 0.35000000 0.00000000 -65.18000000 0.55294118 0.57254902 0.54117647
v 0.35000000 0.00000000 -64.82000000 0.55294118 0.57254902 0.54117647
v 0.35000000 7.50000000 -65.18000000 0.55294118 0.57254902 0.54117647
v 0.35000000 7.50000000 -64.82000000 0.55294118 0.57254902 0.54117647
v 18.46000000 0.00000000 -65.18000000 0.55294118 0.57254902 0.54117647
v 18.46000000 0.00000000 -64.82000000 0.55294118 0.57254902 0.54117647
v 18.46000000 7.50000000 -65.18000000 0.55294118 0.57254902 0.54117647
v 18.46000000 7.50000000 -64.82000000 0.55294118 0.57254902 0.54117647
v 18.81000000 0.00000000 -65.18000000 0.55294118 0.57254902 0.54117647
v 18.81000000 0.00000000 -64.82000000 0.55294118 0.57254902 0.54117647
v 18.81000000 7.50000000 -65.18000000 0.55294118 0.57254902 0.54117647
v 18.81000000 7.50000000 -64.82000000 0.55294118 0.57254902 0.54117647
f 2 4 1
f 5 2 1
f 1 4 3
f 3 5 1
f 2 8 4
f 6 2 5
f 6 8 2
f 4 8 3
f 7 5 3
f 3 8 7
f 7 6 5
f 8 6 7
f 10 12 9
f 13 10 9
f 9 12 11
f 11 13 9
f 10 16 12
f 14 10 13
f 14 16 10
f 12 16 11
f 15 13 11
f 11 16 15
f 15 14 13
f 16 14 15
f 18 20 17
f 21 18 17
f 17 20 19
f 19 21 17
f 18 24 20
f 22 18 21
f 22 24 18
f 20 24 19
f 23 21 19
f 19 24 23
f 23 22 21
f 24 22 23
f 26 28 25
f 29 26 25
f 25 28 27
f 27 29 25
f 26 32 28
f 30 26 29
f 30 32 26
f 28 32 27
f 31 29 27
f 27 32 31
f 31 30 29
f 32 30 31
f 34 36 33
f 37 34 33
f 33 36 35
f 35 37 33
f 34 40 36
f 38 34 37
f 38 40 34
f 36 40 35
f 39 37 35
f 35 40 39
f 39 38 37
f 40 38 39
f 42 44 41
f 45 42 41
f 41 44 43
f 43 45 41
f 42 48 44
f 46 42 45
f 46 48 42
f 44 48 43
f 47 45 43
f 43 48 47
f 47 46 45
f 48 46 47
f 50 52 49
f 53 50 49
f 49 52 51
f 51 53 49
f 50 56 52
f 54 50 53
f 54 56 50
f 52 56 51
f 55 53 51
f 51 56 55
f 55 54 53
f 56 54 55
f 58 60 57
f 61 58 57
f 57 60 59
f 59 61 57
f 58 64 60
f 62 58 61
f 62 64 58
f 60 64 59
f 63 61 59
f 59 64 63
f 63 62 61
f 64 62 63
f 66 68 65
f 69 66 65
f 65 68 67
f 67 69 65
f 66 72 68
f 70 66 69
f 70 72 66
f 68 72 67
f 71 69 67
f 67 72 71
f 71 70 69
f 72 70 71
f 74 76 73
f 77 74 73
f 73 76 75
f 75 77 73
f 74 80 76
f 78 74 77
f 78 80 74
f 76 80 75
f 79 77 75
f 75 80 79
f 79 78 77
f 80 78 79
f 82 84 81
f 85 82 81
f 81 84 83
f 83 85 81
f 82 88 84
f 86 82 85
f 86 88 82
f 84 88 83
f 87 85 83
f 83 88 87
f 87 86 85
f 88 86 87
f 90 92 89
f 93 90 89
f 89 92 91
f 91 93 89
f 90 96 92
f 94 90 93
f 94 96 90
f 92 96 91
f 95 93 91
f 91 96 95
f 95 94 93
f 96 94 95
f 98 100 97
f 101 98 97
f 97 100 99
f 99 101 97
f 98 104 100
f 102 98 101
f 102 104 98
f 100 104 99
f 103 101 99
f 99 104 103
f 103 102 101
f 104 102 103
f 106 108 105
f 109 106 105
f 105 108 107
f 107 109 105
f 106 112 108
f 110 106 109
f 110 112 106
f 108 112 107
f 111 109 107
f 107 112 111
f 111 110 109
f 112 110 111
f 114 116 113
f 117 114 113
f 113 116 115
f 115 117 113
f 114 120 116
f 118 114 117
f 118 120 114
f 116 120 115
f 119 117 115
f 115 120 119
f 119 118 117
f 120 118 119
f 122 124 121
f 125 122 121
f 121 124 123
f 123 125 121
f 122 128 124
f 126 122 125
f 126 128 122
f 124 128 123
f 127 125 123
f 123 128 127
f 127 126 125
f 128 126 127
f 130 132 129
f 133 130 129
f 129 132 131
f 131 133 129
f 130 136 132
f 134 130 133
f 134 136 130
f 132 136 131
f 135 133 131
f 131 136 135
f 135 134 133
f 136 134 135
f 138 140 137
f 141 138 137
f 137 140 139
f 139 141 137
f 138 144 140
f 142 138 141
f 142 144 138
f 140 144 139
f 143 141 139
f 139 144 143
f 143 142 141
f 144 142 143
f 146 148 145
f 149 146 145
f 145 148 147
f 147 149 145
f 146 152 148
f 150 146 149
f 150 152 146
f 148 152 147
f 151 149 147
f 147 152 151
f 151 150 149
f 152 150 151
f 154 156 153
f 157 154 153
f 153 156 155
f 155 157 153
f 154 160 156
f 158 154 157
f 158 160 154
f 156 160 155
f 159 157 155
f 155 160 159
f 159 158 157
f 160 158 159
f 162 164 161
f 165 162 161
f 161 164 163
f 163 165 161
f 162 168 164
f 166 162 165
f 166 168 162
f 164 168 163
f 167 165 163
f 163 168 167
f 167 166 165
f 168 166 167
f 170 172 169
f 173 170 169
f 169 172 171
f 171 173 169
f 170 176 172
f 174 170 173
f 174 176 170
f 172 176 171
f 175 173 171
f 171 176 175
f 175 174 173
f 176 174 175
f 178 180 177
f 181 178 177
f 177 180 179
f 179 181 177
f 178 184 180
f 182 178 181
f 182 184 178
f 180 184 179
f 183 181 179
f 179 184 183
f 183 182 181
f 184 182 183
f 186 188 185
f 189 186 185
f 185 188 187
f 187 189 185
f 186 192 188
f 190 186 189
f 190 192 186
f 188 192 187
f 191 189 187
f 187 192 191
f 191 190 189
f 192 190 191
f 194 196 193
f 197 194 193
f 193 196 195
f 195 197 193
f 194 200 196
f 198 194 197
f 198 200 194
f 196 200 195
f 199 197 195
f 195 200 199
f 199 198 197
f 200 198 199
f 202 204 201
f 205 202 201
f 201 204 203
f 203 205 201
f 202 208 204
f 206 202 205
f 206 208 202
f 204 208 203
f 207 205 203
f 203 208 207
f 207 206 205
f 208 206 207
f 210 212 209
f 213 210 209
f 209 212 211
f 211 213 209
f 210 216 212
f 214 210 213
f 214 216 210
f 212 216 211
f 215 213 211
f 211 216 215
f 215 214 213
f 216 214 215
f 218 220 217
f 221 218 217
f 217 220 219
f 219 221 217
f 218 224 220
f 222 218 221
f 222 224 218
f 220 224 219
f 223 221 219
f 219 224 223
f 223 222 221
f 224 222 223
f 226 228 225
f 229 226 225
f 225 228 227
f 227 229 225
f 226 232 228
f 230 226 229
f 230 232 226
f 228 232 227
f 231 229 227
f 227 232 231
f 231 230 229
f 232 230 231
f 234 236 233
f 237 234 233
f 233 236 235
f 235 237 233
f 234 240 236
f 238 234 237
f 238 240 234
f 236 240 235
f 239 237 235
f 235 240 239
f 239 238 237
f 240 238 239
f 242 244 241
f 245 242 241
f 241 244 243
f 243 245 241
f 242 248 244
f 246 242 245
f 246 248 242
f 244 248 243
f 247 245 243
f 243 248 247
f 247 246 245
f 248 246 247
f 250 252 249
f 253 250 249
f 249 252 251
f 251 253 249
f 250 256 252
f 254 250 253
f 254 256 250
f 252 256 251
f 255 253 251
f 251 256 255
f 255 254 253
f 256 254 255
f 258 260 257
f 261 258 257
f 257 260 259
f 259 261 257
f 258 264 260
f 262 258 261
f 262 264 258
f 260 264 259
f 263 261 259
f 259 264 263
f 263 262 261
f 264 262 263
f 266 268 265
f 269 266 265
f 265 268 267
f 267 269 265
f 266 272 268
f 270 266 269
f 270 272 266
f 268 272 267
f 271 269 267
f 267 272 271
f 271 270 269
f 272 270 271
f 274 276 273
f 277 274 273
f 273 276 275
f 275 277 273
f 274 280 276
f 278 274 277
f 278 280 274
f 276 280 275
f 279 277 275
f 275 280 279
f 279 278 277
f 280 278 279
f 282 284 281
f 285 282 281
f 281 284 283
f 283 285 281
f 282 288 284
f 286 282 285
f 286 288 282
f 284 288 283
f 287 285 283
f 283 288 287
f 287 286 285
f 288 286 287
f 290 292 289
f 293 290 289
f 289 292 291
f 291 293 289
f 290 296 292
f 294 290 293
f 294 296 290
f 292 296 291
f 295 293 291
f 291 296 295
f 295 294 293
f 296 294 295
f 298 300 297
f 301 298 297
f 297 300 299
f 299 301 297
f 298 304 300
f 302 298 301
f 302 304 298
f 300 304 299
f 303 301 299
f 299 304 303
f 303 302 301
f 304 302 303

o ALT1_N2a
v 0.00000000 0.00000000 -9.75000000 0.80392157 0.81176471 0.78823529
v 0.00000000 0.00000000 0.00000000 0.80392157 0.81176471 0.78823529
v 0.00000000 3.00000000 -9.75000000 0.80392157 0.81176471 0.78823529
v 0.00000000 3.00000000 0.00000000 0.80392157 0.81176471 0.78823529
v 3.66000000 0.00000000 -9.75000000 0.80392157 0.81176471 0.78823529
v 3.66000000 0.00000000 0.00000000 0.80392157 0.81176471 0.78823529
v 3.66000000 3.00000000 -9.75000000 0.80392157 0.81176471 0.78823529
v 3.66000000 3.00000000 0.00000000 0.80392157 0.81176471 0.78823529
f 306 308 305
f 309 306 305
f 305 308 307
f 307 309 305
f 306 312 308
f 310 306 309
f 310 312 306
f 308 312 307
f 311 309 307
f 307 312 311
f 311 310 309
f 312 310 311

o ALT1_PAN
v 0.00000000 0.00000000 -14.95000000 0.80392157 0.81176471 0.78823529
v 0.00000000 0.00000000 -9.75000000 0.80392157 0.81176471 0.78823529
v 0.00000000 3.00000000 -14.95000000 0.80392157 0.81176471 0.78823529
v 0.00000000 3.00000000 -9.75000000 0.80392157 0.81176471 0.78823529
v 3.66000000 0.00000000 -14.95000000 0.80392157 0.81176471 0.78823529
v 3.66000000 0.00000000 -9.75000000 0.80392157 0.81176471 0.78823529
v 3.66000000 3.00000000 -14.95000000 0.80392157 0.81176471 0.78823529
v 3.66000000 3.00000000 -9.75000000 0.80392157 0.81176471 0.78823529
f 314 316 313
f 317 314 313
f 313 316 315
f 315 317 313
f 314 320 316
f 318 314 317
f 318 320 314
f 316 320 315
f 319 317 315
f 315 320 319
f 319 318 317
f 320 318 319

o ALT1_N2b
v 0.00000000 0.00000000 -22.45000000 0.80392157 0.81176471 0.78823529
v 0.00000000 0.00000000 -14.95000000 0.80392157 0.81176471 0.78823529
v 0.00000000 3.00000000 -22.45000000 0.80392157 0.81176471 0.78823529
v 0.00000000 3.00000000 -14.95000000 0.80392157 0.81176471 0.78823529
v 3.66000000 0.00000000 -22.45000000 0.80392157 0.81176471 0.78823529
v 3.66000000 0.00000000 -14.95000000 0.80392157 0.81176471 0.78823529
v 3.66000000 3.00000000 -22.45000000 0.80392157 0.81176471 0.78823529
v 3.66000000 3.00000000 -14.95000000 0.80392157 0.81176471 0.78823529
f 322 324 321
f 325 322 321
f 321 324 323
f 323 325 321
f 322 328 324
f 326 322 325
f 326 328 322
f 324 328 323
f 327 325 323
f 323 328 327
f 327 326 325
f 328 326 327

o ALT1_ADM
v -1.40000000 0.00000000 0.00000000 0.80392157 0.81176471 0.78823529
v -1.40000000 0.00000000 11.30000000 0.80392157 0.81176471 0.78823529
v -1.40000000 3.20000000 0.00000000 0.80392157 0.81176471 0.78823529
v -1.40000000 3.20000000 11.30000000 0.80392157 0.81176471 0.78823529
v 15.22000000 0.00000000 0.00000000 0.80392157 0.81176471 0.78823529
v 15.22000000 0.00000000 11.30000000 0.80392157 0.81176471 0.78823529
v 15.22000000 3.20000000 0.00000000 0.80392157 0.81176471 0.78823529
v 15.22000000 3.20000000 11.30000000 0.80392157 0.81176471 0.78823529
f 330 332 329
f 333 330 329
f 329 332 331
f 331 333 329
f 330 336 332
f 334 330 333
f 334 336 330
f 332 336 331
f 335 333 331
f 331 336 335
f 335 334 333
f 336 334 335

o ALT1_ADMi
v 4.73000000 0.00000000 11.30000000 0.80392157 0.81176471 0.78823529
v 4.73000000 0.00000000 13.32000000 0.80392157 0.81176471 0.78823529
v 4.73000000 3.20000000 11.30000000 0.80392157 0.81176471 0.78823529
v 4.73000000 3.20000000 13.32000000 0.80392157 0.81176471 0.78823529
v 9.13000000 0.00000000 11.30000000 0.80392157 0.81176471 0.78823529
v 9.13000000 0.00000000 13.32000000 0.80392157 0.81176471 0.78823529
v 9.13000000 3.20000000 11.30000000 0.80392157 0.81176471 0.78823529
v 9.13000000 3.20000000 13.32000000 0.80392157 0.81176471 0.78823529
f 338 340 337
f 341 338 337
f 337 340 339
f 339 341 337
f 338 344 340
f 342 338 341
f 342 344 338
f 340 344 339
f 343 341 339
f 339 344 343
f 343 342 341
f 344 342 343

o ALT1_CUBg
v -41.80000000 0.00000000 -61.61000000 0.55294118 0.57254902 0.54117647
v -41.80000000 0.00000000 -61.41000000 0.55294118 0.57254902 0.54117647
v -41.80000000 4.50000000 -61.61000000 0.55294118 0.57254902 0.54117647
v -41.80000000 4.50000000 -61.41000000 0.55294118 0.57254902 0.54117647
v -41.60000000 0.00000000 -61.61000000 0.55294118 0.57254902 0.54117647
v -41.60000000 0.00000000 -61.41000000 0.55294118 0.57254902 0.54117647
v -41.60000000 4.50000000 -61.61000000 0.55294118 0.57254902 0.54117647
v -41.60000000 4.50000000 -61.41000000 0.55294118 0.57254902 0.54117647
v -35.26000000 0.00000000 -61.61000000 0.55294118 0.57254902 0.54117647
v -35.26000000 0.00000000 -61.41000000 0.55294118 0.57254902 0.54117647
v -35.26000000 4.50000000 -61.61000000 0.55294118 0.57254902 0.54117647
v -35.26000000 4.50000000 -61.41000000 0.55294118 0.57254902 0.54117647
v -35.06000000 0.00000000 -61.61000000 0.55294118 0.57254902 0.54117647
v -35.06000000 0.00000000 -61.41000000 0.55294118 0.57254902 0.54117647
v -35.06000000 4.50000000 -61.61000000 0.55294118 0.57254902 0.54117647
v -35.06000000 4.50000000 -61.41000000 0.55294118 0.57254902 0.54117647
v -41.80000000 0.00000000 -65.71666667 0.55294118 0.57254902 0.54117647
v -41.80000000 0.00000000 -65.51666667 0.55294118 0.57254902 0.54117647
v -41.80000000 4.50000000 -65.71666667 0.55294118 0.57254902 0.54117647
v -41.80000000 4.50000000 -65.51666667 0.55294118 0.57254902 0.54117647
v -41.60000000 0.00000000 -65.71666667 0.55294118 0.57254902 0.54117647
v -41.60000000 0.00000000 -65.51666667 0.55294118 0.57254902 0.54117647
v -41.60000000 4.50000000 -65.71666667 0.55294118 0.57254902 0.54117647
v -41.60000000 4.50000000 -65.51666667 0.55294118 0.57254902 0.54117647
v -35.26000000 0.00000000 -65.71666667 0.55294118 0.57254902 0.54117647
v -35.26000000 0.00000000 -65.51666667 0.55294118 0.57254902 0.54117647
v -35.26000000 4.50000000 -65.71666667 0.55294118 0.57254902 0.54117647
v -35.26000000 4.50000000 -65.51666667 0.55294118 0.57254902 0.54117647
v -35.06000000 0.00000000 -65.71666667 0.55294118 0.57254902 0.54117647
v -35.06000000 0.00000000 -65.51666667 0.55294118 0.57254902 0.54117647
v -35.06000000 4.50000000 -65.71666667 0.55294118 0.57254902 0.54117647
v -35.06000000 4.50000000 -65.51666667 0.55294118 0.57254902 0.54117647
v -41.80000000 0.00000000 -69.82333333 0.55294118 0.57254902 0.54117647
v -41.80000000 0.00000000 -69.62333333 0.55294118 0.57254902 0.54117647
v -41.80000000 4.50000000 -69.82333333 0.55294118 0.57254902 0.54117647
v -41.80000000 4.50000000 -69.62333333 0.55294118 0.57254902 0.54117647
v -41.60000000 0.00000000 -69.82333333 0.55294118 0.57254902 0.54117647
v -41.60000000 0.00000000 -69.62333333 0.55294118 0.57254902 0.54117647
v -41.60000000 4.50000000 -69.82333333 0.55294118 0.57254902 0.54117647
v -41.60000000 4.50000000 -69.62333333 0.55294118 0.57254902 0.54117647
v -35.26000000 0.00000000 -69.82333333 0.55294118 0.57254902 0.54117647
v -35.26000000 0.00000000 -69.62333333 0.55294118 0.57254902 0.54117647
v -35.26000000 4.50000000 -69.82333333 0.55294118 0.57254902 0.54117647
v -35.26000000 4.50000000 -69.62333333 0.55294118 0.57254902 0.54117647
v -35.06000000 0.00000000 -69.82333333 0.55294118 0.57254902 0.54117647
v -35.06000000 0.00000000 -69.62333333 0.55294118 0.57254902 0.54117647
v -35.06000000 4.50000000 -69.82333333 0.55294118 0.57254902 0.54117647
v -35.06000000 4.50000000 -69.62333333 0.55294118 0.57254902 0.54117647
v -41.80000000 0.00000000 -73.93000000 0.55294118 0.57254902 0.54117647
v -41.80000000 0.00000000 -73.73000000 0.55294118 0.57254902 0.54117647
v -41.80000000 4.50000000 -73.93000000 0.55294118 0.57254902 0.54117647
v -41.80000000 4.50000000 -73.73000000 0.55294118 0.57254902 0.54117647
v -41.60000000 0.00000000 -73.93000000 0.55294118 0.57254902 0.54117647
v -41.60000000 0.00000000 -73.73000000 0.55294118 0.57254902 0.54117647
v -41.60000000 4.50000000 -73.93000000 0.55294118 0.57254902 0.54117647
v -41.60000000 4.50000000 -73.73000000 0.55294118 0.57254902 0.54117647
v -35.26000000 0.00000000 -73.93000000 0.55294118 0.57254902 0.54117647
v -35.26000000 0.00000000 -73.73000000 0.55294118 0.57254902 0.54117647
v -35.26000000 4.50000000 -73.93000000 0.55294118 0.57254902 0.54117647
v -35.26000000 4.50000000 -73.73000000 0.55294118 0.57254902 0.54117647
v -35.06000000 0.00000000 -73.93000000 0.55294118 0.57254902 0.54117647
v -35.06000000 0.00000000 -73.73000000 0.55294118 0.57254902 0.54117647
v -35.06000000 4.50000000 -73.93000000 0.55294118 0.57254902 0.54117647
v -35.06000000 4.50000000 -73.73000000 0.55294118 0.57254902 0.54117647
v -41.80000000 4.50000000 -73.83000000 0.74901961 0.78039216 0.80000000
v -41.80000000 4.50000000 -61.51000000 0.74901961 0.78039216 0.80000000
v -41.80000000 4.62000000 -73.83000000 0.74901961 0.78039216 0.80000000
v -41.80000000 4.62000000 -61.51000000 0.74901961 0.78039216 0.80000000
v -35.06000000 4.50000000 -73.83000000 0.74901961 0.78039216 0.80000000
v -35.06000000 4.50000000 -61.51000000 0.74901961 0.78039216 0.80000000
v -35.06000000 4.62000000 -73.83000000 0.74901961 0.78039216 0.80000000
v -35.06000000 4.62000000 -61.51000000 0.74901961 0.78039216 0.80000000
f 346 348 345
f 349 346 345
f 345 348 347
f 347 349 345
f 346 352 348
f 350 346 349
f 350 352 346
f 348 352 347
f 351 349 347
f 347 352 351
f 351 350 349
f 352 350 351
f 354 356 353
f 357 354 353
f 353 356 355
f 355 357 353
f 354 360 356
f 358 354 357
f 358 360 354
f 356 360 355
f 359 357 355
f 355 360 359
f 359 358 357
f 360 358 359
f 362 364 361
f 365 362 361
f 361 364 363
f 363 365 361
f 362 368 364
f 366 362 365
f 366 368 362
f 364 368 363
f 367 365 363
f 363 368 367
f 367 366 365
f 368 366 367
f 370 372 369
f 373 370 369
f 369 372 371
f 371 373 369
f 370 376 372
f 374 370 373
f 374 376 370
f 372 376 371
f 375 373 371
f 371 376 375
f 375 374 373
f 376 374 375
f 378 380 377
f 381 378 377
f 377 380 379
f 379 381 377
f 378 384 380
f 382 378 381
f 382 384 378
f 380 384 379
f 383 381 379
f 379 384 383
f 383 382 381
f 384 382 383
f 386 388 385
f 389 386 385
f 385 388 387
f 387 389 385
f 386 392 388
f 390 386 389
f 390 392 386
f 388 392 387
f 391 389 387
f 387 392 391
f 391 390 389
f 392 390 391
f 394 396 393
f 397 394 393
f 393 396 395
f 395 397 393
f 394 400 396
f 398 394 397
f 398 400 394
f 396 400 395
f 399 397 395
f 395 400 399
f 399 398 397
f 400 398 399
f 402 404 401
f 405 402 401
f 401 404 403
f 403 405 401
f 402 408 404
f 406 402 405
f 406 408 402
f 404 408 403
f 407 405 403
f 403 408 407
f 407 406 405
f 408 406 407
f 410 412 409
f 413 410 409
f 409 412 411
f 411 413 409
f 410 416 412
f 414 410 413
f 414 416 410
f 412 416 411
f 415 413 411
f 411 416 415
f 415 414 413
f 416 414 415

o ALT1_CUBp
v -40.55000000 0.00000000 -31.41000000 0.55294118 0.57254902 0.54117647
v -40.55000000 0.00000000 -31.21000000 0.55294118 0.57254902 0.54117647
v -40.55000000 4.50000000 -31.41000000 0.55294118 0.57254902 0.54117647
v -40.55000000 4.50000000 -31.21000000 0.55294118 0.57254902 0.54117647
v -40.35000000 0.00000000 -31.41000000 0.55294118 0.57254902 0.54117647
v -40.35000000 0.00000000 -31.21000000 0.55294118 0.57254902 0.54117647
v -40.35000000 4.50000000 -31.41000000 0.55294118 0.57254902 0.54117647
v -40.35000000 4.50000000 -31.21000000 0.55294118 0.57254902 0.54117647
v -35.26000000 0.00000000 -31.41000000 0.55294118 0.57254902 0.54117647
v -35.26000000 0.00000000 -31.21000000 0.55294118 0.57254902 0.54117647
v -35.26000000 4.50000000 -31.41000000 0.55294118 0.57254902 0.54117647
v -35.26000000 4.50000000 -31.21000000 0.55294118 0.57254902 0.54117647
v -35.06000000 0.00000000 -31.41000000 0.55294118 0.57254902 0.54117647
v -35.06000000 0.00000000 -31.21000000 0.55294118 0.57254902 0.54117647
v -35.06000000 4.50000000 -31.41000000 0.55294118 0.57254902 0.54117647
v -35.06000000 4.50000000 -31.21000000 0.55294118 0.57254902 0.54117647
v -40.55000000 0.00000000 -35.26000000 0.55294118 0.57254902 0.54117647
v -40.55000000 0.00000000 -35.06000000 0.55294118 0.57254902 0.54117647
v -40.55000000 4.50000000 -35.26000000 0.55294118 0.57254902 0.54117647
v -40.55000000 4.50000000 -35.06000000 0.55294118 0.57254902 0.54117647
v -40.35000000 0.00000000 -35.26000000 0.55294118 0.57254902 0.54117647
v -40.35000000 0.00000000 -35.06000000 0.55294118 0.57254902 0.54117647
v -40.35000000 4.50000000 -35.26000000 0.55294118 0.57254902 0.54117647
v -40.35000000 4.50000000 -35.06000000 0.55294118 0.57254902 0.54117647
v -35.26000000 0.00000000 -35.26000000 0.55294118 0.57254902 0.54117647
v -35.26000000 0.00000000 -35.06000000 0.55294118 0.57254902 0.54117647
v -35.26000000 4.50000000 -35.26000000 0.55294118 0.57254902 0.54117647
v -35.26000000 4.50000000 -35.06000000 0.55294118 0.57254902 0.54117647
v -35.06000000 0.00000000 -35.26000000 0.55294118 0.57254902 0.54117647
v -35.06000000 0.00000000 -35.06000000 0.55294118 0.57254902 0.54117647
v -35.06000000 4.50000000 -35.26000000 0.55294118 0.57254902 0.54117647
v -35.06000000 4.50000000 -35.06000000 0.55294118 0.57254902 0.54117647
v -40.55000000 0.00000000 -39.11000000 0.55294118 0.57254902 0.54117647
v -40.55000000 0.00000000 -38.91000000 0.55294118 0.57254902 0.54117647
v -40.55000000 4.50000000 -39.11000000 0.55294118 0.57254902 0.54117647
v -40.55000000 4.50000000 -38.91000000 0.55294118 0.57254902 0.54117647
v -40.35000000 0.00000000 -39.11000000 0.55294118 0.57254902 0.54117647
v -40.35000000 0.00000000 -38.91000000 0.55294118 0.57254902 0.54117647
v -40.35000000 4.50000000 -39.11000000 0.55294118 0.57254902 0.54117647
v -40.35000000 4.50000000 -38.91000000 0.55294118 0.57254902 0.54117647
v -35.26000000 0.00000000 -39.11000000 0.55294118 0.57254902 0.54117647
v -35.26000000 0.00000000 -38.91000000 0.55294118 0.57254902 0.54117647
v -35.26000000 4.50000000 -39.11000000 0.55294118 0.57254902 0.54117647
v -35.26000000 4.50000000 -38.91000000 0.55294118 0.57254902 0.54117647
v -35.06000000 0.00000000 -39.11000000 0.55294118 0.57254902 0.54117647
v -35.06000000 0.00000000 -38.91000000 0.55294118 0.57254902 0.54117647
v -35.06000000 4.50000000 -39.11000000 0.55294118 0.57254902 0.54117647
v -35.06000000 4.50000000 -38.91000000 0.55294118 0.57254902 0.54117647
v -40.55000000 0.00000000 -42.96000000 0.55294118 0.57254902 0.54117647
v -40.55000000 0.00000000 -42.76000000 0.55294118 0.57254902 0.54117647
v -40.55000000 4.50000000 -42.96000000 0.55294118 0.57254902 0.54117647
v -40.55000000 4.50000000 -42.76000000 0.55294118 0.57254902 0.54117647
v -40.35000000 0.00000000 -42.96000000 0.55294118 0.57254902 0.54117647
v -40.35000000 0.00000000 -42.76000000 0.55294118 0.57254902 0.54117647
v -40.35000000 4.50000000 -42.96000000 0.55294118 0.57254902 0.54117647
v -40.35000000 4.50000000 -42.76000000 0.55294118 0.57254902 0.54117647
v -35.26000000 0.00000000 -42.96000000 0.55294118 0.57254902 0.54117647
v -35.26000000 0.00000000 -42.76000000 0.55294118 0.57254902 0.54117647
v -35.26000000 4.50000000 -42.96000000 0.55294118 0.57254902 0.54117647
v -35.26000000 4.50000000 -42.76000000 0.55294118 0.57254902 0.54117647
v -35.06000000 0.00000000 -42.96000000 0.55294118 0.57254902 0.54117647
v -35.06000000 0.00000000 -42.76000000 0.55294118 0.57254902 0.54117647
v -35.06000000 4.50000000 -42.96000000 0.55294118 0.57254902 0.54117647
v -35.06000000 4.50000000 -42.76000000 0.55294118 0.57254902 0.54117647
v -40.55000000 0.00000000 -46.81000000 0.55294118 0.57254902 0.54117647
v -40.55000000 0.00000000 -46.61000000 0.55294118 0.57254902 0.54117647
v -40.55000000 4.50000000 -46.81000000 0.55294118 0.57254902 0.54117647
v -40.55000000 4.50000000 -46.61000000 0.55294118 0.57254902 0.54117647
v -40.35000000 0.00000000 -46.81000000 0.55294118 0.57254902 0.54117647
v -40.35000000 0.00000000 -46.61000000 0.55294118 0.57254902 0.54117647
v -40.35000000 4.50000000 -46.81000000 0.55294118 0.57254902 0.54117647
v -40.35000000 4.50000000 -46.61000000 0.55294118 0.57254902 0.54117647
v -35.26000000 0.00000000 -46.81000000 0.55294118 0.57254902 0.54117647
v -35.26000000 0.00000000 -46.61000000 0.55294118 0.57254902 0.54117647
v -35.26000000 4.50000000 -46.81000000 0.55294118 0.57254902 0.54117647
v -35.26000000 4.50000000 -46.61000000 0.55294118 0.57254902 0.54117647
v -35.06000000 0.00000000 -46.81000000 0.55294118 0.57254902 0.54117647
v -35.06000000 0.00000000 -46.61000000 0.55294118 0.57254902 0.54117647
v -35.06000000 4.50000000 -46.81000000 0.55294118 0.57254902 0.54117647
v -35.06000000 4.50000000 -46.61000000 0.55294118 0.57254902 0.54117647
v -40.55000000 4.50000000 -46.71000000 0.74901961 0.78039216 0.80000000
v -40.55000000 4.50000000 -31.31000000 0.74901961 0.78039216 0.80000000
v -40.55000000 4.62000000 -46.71000000 0.74901961 0.78039216 0.80000000
v -40.55000000 4.62000000 -31.31000000 0.74901961 0.78039216 0.80000000
v -35.06000000 4.50000000 -46.71000000 0.74901961 0.78039216 0.80000000
v -35.06000000 4.50000000 -31.31000000 0.74901961 0.78039216 0.80000000
v -35.06000000 4.62000000 -46.71000000 0.74901961 0.78039216 0.80000000
v -35.06000000 4.62000000 -31.31000000 0.74901961 0.78039216 0.80000000
f 418 420 417
f 421 418 417
f 417 420 419
f 419 421 417
f 418 424 420
f 422 418 421
f 422 424 418
f 420 424 419
f 423 421 419
f 419 424 423
f 423 422 421
f 424 422 423
f 426 428 425
f 429 426 425
f 425 428 427
f 427 429 425
f 426 432 428
f 430 426 429
f 430 432 426
f 428 432 427
f 431 429 427
f 427 432 431
f 431 430 429
f 432 430 431
f 434 436 433
f 437 434 433
f 433 436 435
f 435 437 433
f 434 440 436
f 438 434 437
f 438 440 434
f 436 440 435
f 439 437 435
f 435 440 439
f 439 438 437
f 440 438 439
f 442 444 441
f 445 442 441
f 441 444 443
f 443 445 441
f 442 448 444
f 446 442 445
f 446 448 442
f 444 448 443
f 447 445 443
f 443 448 447
f 447 446 445
f 448 446 447
f 450 452 449
f 453 450 449
f 449 452 451
f 451 453 449
f 450 456 452
f 454 450 453
f 454 456 450
f 452 456 451
f 455 453 451
f 451 456 455
f 455 454 453
f 456 454 455
f 458 460 457
f 461 458 457
f 457 460 459
f 459 461 457
f 458 464 460
f 462 458 461
f 462 464 458
f 460 464 459
f 463 461 459
f 459 464 463
f 463 462 461
f 464 462 463
f 466 468 465
f 469 466 465
f 465 468 467
f 467 469 465
f 466 472 468
f 470 466 469
f 470 472 466
f 468 472 467
f 471 469 467
f 467 472 471
f 471 470 469
f 472 470 471
f 474 476 473
f 477 474 473
f 473 476 475
f 475 477 473
f 474 480 476
f 478 474 477
f 478 480 474
f 476 480 475
f 479 477 475
f 475 480 479
f 479 478 477
f 480 478 479
f 482 484 481
f 485 482 481
f 481 484 483
f 483 485 481
f 482 488 484
f 486 482 485
f 486 488 482
f 484 488 483
f 487 485 483
f 483 488 487
f 487 486 485
f 488 486 487
f 490 492 489
f 493 490 489
f 489 492 491
f 491 493 489
f 490 496 492
f 494 490 493
f 494 496 490
f 492 496 491
f 495 493 491
f 491 496 495
f 495 494 493
f 496 494 495
f 498 500 497
f 501 498 497
f 497 500 499
f 499 501 497
f 498 504 500
f 502 498 501
f 502 504 498
f 500 504 499
f 503 501 499
f 499 504 503
f 503 502 501
f 504 502 503

o ALT1_CUBa
v -40.55000000 0.00000000 -46.81000000 0.55294118 0.57254902 0.54117647
v -40.55000000 0.00000000 -46.61000000 0.55294118 0.57254902 0.54117647
v -40.55000000 4.50000000 -46.81000000 0.55294118 0.57254902 0.54117647
v -40.55000000 4.50000000 -46.61000000 0.55294118 0.57254902 0.54117647
v -40.35000000 0.00000000 -46.81000000 0.55294118 0.57254902 0.54117647
v -40.35000000 0.00000000 -46.61000000 0.55294118 0.57254902 0.54117647
v -40.35000000 4.50000000 -46.81000000 0.55294118 0.57254902 0.54117647
v -40.35000000 4.50000000 -46.61000000 0.55294118 0.57254902 0.54117647
v -35.26000000 0.00000000 -46.81000000 0.55294118 0.57254902 0.54117647
v -35.26000000 0.00000000 -46.61000000 0.55294118 0.57254902 0.54117647
v -35.26000000 4.50000000 -46.81000000 0.55294118 0.57254902 0.54117647
v -35.26000000 4.50000000 -46.61000000 0.55294118 0.57254902 0.54117647
v -35.06000000 0.00000000 -46.81000000 0.55294118 0.57254902 0.54117647
v -35.06000000 0.00000000 -46.61000000 0.55294118 0.57254902 0.54117647
v -35.06000000 4.50000000 -46.81000000 0.55294118 0.57254902 0.54117647
v -35.06000000 4.50000000 -46.61000000 0.55294118 0.57254902 0.54117647
v -40.55000000 0.00000000 -51.74333333 0.55294118 0.57254902 0.54117647
v -40.55000000 0.00000000 -51.54333333 0.55294118 0.57254902 0.54117647
v -40.55000000 4.50000000 -51.74333333 0.55294118 0.57254902 0.54117647
v -40.55000000 4.50000000 -51.54333333 0.55294118 0.57254902 0.54117647
v -40.35000000 0.00000000 -51.74333333 0.55294118 0.57254902 0.54117647
v -40.35000000 0.00000000 -51.54333333 0.55294118 0.57254902 0.54117647
v -40.35000000 4.50000000 -51.74333333 0.55294118 0.57254902 0.54117647
v -40.35000000 4.50000000 -51.54333333 0.55294118 0.57254902 0.54117647
v -35.26000000 0.00000000 -51.74333333 0.55294118 0.57254902 0.54117647
v -35.26000000 0.00000000 -51.54333333 0.55294118 0.57254902 0.54117647
v -35.26000000 4.50000000 -51.74333333 0.55294118 0.57254902 0.54117647
v -35.26000000 4.50000000 -51.54333333 0.55294118 0.57254902 0.54117647
v -35.06000000 0.00000000 -51.74333333 0.55294118 0.57254902 0.54117647
v -35.06000000 0.00000000 -51.54333333 0.55294118 0.57254902 0.54117647
v -35.06000000 4.50000000 -51.74333333 0.55294118 0.57254902 0.54117647
v -35.06000000 4.50000000 -51.54333333 0.55294118 0.57254902 0.54117647
v -40.55000000 0.00000000 -56.67666667 0.55294118 0.57254902 0.54117647
v -40.55000000 0.00000000 -56.47666667 0.55294118 0.57254902 0.54117647
v -40.55000000 4.50000000 -56.67666667 0.55294118 0.57254902 0.54117647
v -40.55000000 4.50000000 -56.47666667 0.55294118 0.57254902 0.54117647
v -40.35000000 0.00000000 -56.67666667 0.55294118 0.57254902 0.54117647
v -40.35000000 0.00000000 -56.47666667 0.55294118 0.57254902 0.54117647
v -40.35000000 4.50000000 -56.67666667 0.55294118 0.57254902 0.54117647
v -40.35000000 4.50000000 -56.47666667 0.55294118 0.57254902 0.54117647
v -35.26000000 0.00000000 -56.67666667 0.55294118 0.57254902 0.54117647
v -35.26000000 0.00000000 -56.47666667 0.55294118 0.57254902 0.54117647
v -35.26000000 4.50000000 -56.67666667 0.55294118 0.57254902 0.54117647
v -35.26000000 4.50000000 -56.47666667 0.55294118 0.57254902 0.54117647
v -35.06000000 0.00000000 -56.67666667 0.55294118 0.57254902 0.54117647
v -35.06000000 0.00000000 -56.47666667 0.55294118 0.57254902 0.54117647
v -35.06000000 4.50000000 -56.67666667 0.55294118 0.57254902 0.54117647
v -35.06000000 4.50000000 -56.47666667 0.55294118 0.57254902 0.54117647
v -40.55000000 0.00000000 -61.61000000 0.55294118 0.57254902 0.54117647
v -40.55000000 0.00000000 -61.41000000 0.55294118 0.57254902 0.54117647
v -40.55000000 4.50000000 -61.61000000 0.55294118 0.57254902 0.54117647
v -40.55000000 4.50000000 -61.41000000 0.55294118 0.57254902 0.54117647
v -40.35000000 0.00000000 -61.61000000 0.55294118 0.57254902 0.54117647
v -40.35000000 0.00000000 -61.41000000 0.55294118 0.57254902 0.54117647
v -40.35000000 4.50000000 -61.61000000 0.55294118 0.57254902 0.54117647
v -40.35000000 4.50000000 -61.41000000 0.55294118 0.57254902 0.54117647
v -35.26000000 0.00000000 -61.61000000 0.55294118 0.57254902 0.54117647
v -35.26000000 0.00000000 -61.41000000 0.55294118 0.57254902 0.54117647
v -35.26000000 4.50000000 -61.61000000 0.55294118 0.57254902 0.54117647
v -35.26000000 4.50000000 -61.41000000 0.55294118 0.57254902 0.54117647
v -35.06000000 0.00000000 -61.61000000 0.55294118 0.57254902 0.54117647
v -35.06000000 0.00000000 -61.41000000 0.55294118 0.57254902 0.54117647
v -35.06000000 4.50000000 -61.61000000 0.55294118 0.57254902 0.54117647
v -35.06000000 4.50000000 -61.41000000 0.55294118 0.57254902 0.54117647
v -40.55000000 4.50000000 -61.51000000 0.74901961 0.78039216 0.80000000
v -40.55000000 4.50000000 -46.71000000 0.74901961 0.78039216 0.80000000
v -40.55000000 4.62000000 -61.51000000 0.74901961 0.78039216 0.80000000
v -40.55000000 4.62000000 -46.71000000 0.74901961 0.78039216 0.80000000
v -35.06000000 4.50000000 -61.51000000 0.74901961 0.78039216 0.80000000
v -35.06000000 4.50000000 -46.71000000 0.74901961 0.78039216 0.80000000
v -35.06000000 4.62000000 -61.51000000 0.74901961 0.78039216 0.80000000
v -35.06000000 4.62000000 -46.71000000 0.74901961 0.78039216 0.80000000
f 506 508 505
f 509 506 505
f 505 508 507
f 507 509 505
f 506 512 508
f 510 506 509
f 510 512 506
f 508 512 507
f 511 509 507
f 507 512 511
f 511 510 509
f 512 510 511
f 514 516 513
f 517 514 513
f 513 516 515
f 515 517 513
f 514 520 516
f 518 514 517
f 518 520 514
f 516 520 515
f 519 517 515
f 515 520 519
f 519 518 517
f 520 518 519
f 522 524 521
f 525 522 521
f 521 524 523
f 523 525 521
f 522 528 524
f 526 522 525
f 526 528 522
f 524 528 523
f 527 525 523
f 523 528 527
f 527 526 525
f 528 526 527
f 530 532 529
f 533 530 529
f 529 532 531
f 531 533 529
f 530 536 532
f 534 530 533
f 534 536 530
f 532 536 531
f 535 533 531
f 531 536 535
f 535 534 533
f 536 534 535
f 538 540 537
f 541 538 537
f 537 540 539
f 539 541 537
f 538 544 540
f 542 538 541
f 542 544 538
f 540 544 539
f 543 541 539
f 539 544 543
f 543 542 541
f 544 542 543
f 546 548 545
f 549 546 545
f 545 548 547
f 547 549 545
f 546 552 548
f 550 546 549
f 550 552 546
f 548 552 547
f 551 549 547
f 547 552 551
f 551 550 549
f 552 550 551
f 554 556 553
f 557 554 553
f 553 556 555
f 555 557 553
f 554 560 556
f 558 554 557
f 558 560 554
f 556 560 555
f 559 557 555
f 555 560 559
f 559 558 557
f 560 558 559
f 562 564 561
f 565 562 561
f 561 564 563
f 563 565 561
f 562 568 564
f 566 562 565
f 566 568 562
f 564 568 563
f 567 565 563
f 563 568 567
f 567 566 565
f 568 566 567
f 570 572 569
f 573 570 569
f 569 572 571
f 571 573 569
f 570 576 572
f 574 570 573
f 574 576 570
f 572 576 571
f 575 573 571
f 571 576 575
f 575 574 573
f 576 574 575

o ALT1_P1
v 14.22000000 0.00000000 -29.01000000 0.61960784 0.63529412 0.60392157
v 14.22000000 0.00000000 -20.51000000 0.61960784 0.63529412 0.60392157
v 14.22000000 1.80000000 -29.01000000 0.61960784 0.63529412 0.60392157
v 14.22000000 1.80000000 -20.51000000 0.61960784 0.63529412 0.60392157
v 18.22000000 0.00000000 -29.01000000 0.61960784 0.63529412 0.60392157
v 18.22000000 0.00000000 -20.51000000 0.61960784 0.63529412 0.60392157
v 18.22000000 1.80000000 -29.01000000 0.61960784 0.63529412 0.60392157
v 18.22000000 1.80000000 -20.51000000 0.61960784 0.63529412 0.60392157
f 578 580 577
f 581 578 577
f 577 580 579
f 579 581 577
f 578 584 580
f 582 578 581
f 582 584 578
f 580 584 579
f 583 581 579
f 579 584 583
f 583 582 581
f 584 582 583

o ALT1_P3
v 13.85000000 0.00000000 -52.57000000 0.61960784 0.63529412 0.60392157
v 13.85000000 0.00000000 -36.57000000 0.61960784 0.63529412 0.60392157
v 13.85000000 0.75000000 -52.57000000 0.61960784 0.63529412 0.60392157
v 13.85000000 0.75000000 -36.57000000 0.61960784 0.63529412 0.60392157
v 18.35000000 0.00000000 -52.57000000 0.61960784 0.63529412 0.60392157
v 18.35000000 0.00000000 -36.57000000 0.61960784 0.63529412 0.60392157
v 18.35000000 0.75000000 -52.57000000 0.61960784 0.63529412 0.60392157
v 18.35000000 0.75000000 -36.57000000 0.61960784 0.63529412 0.60392157
f 586 588 585
f 589 586 585
f 585 588 587
f 587 589 585
f 586 592 588
f 590 586 589
f 590 592 586
f 588 592 587
f 591 589 587
f 587 592 591
f 591 590 589
f 592 590 591

o ALT1_P4
v 13.85000000 0.00000000 -67.27000000 0.61960784 0.63529412 0.60392157
v 13.85000000 0.00000000 -52.57000000 0.61960784 0.63529412 0.60392157
v 13.85000000 0.75000000 -67.27000000 0.61960784 0.63529412 0.60392157
v 13.85000000 0.75000000 -52.57000000 0.61960784 0.63529412 0.60392157
v 18.35000000 0.00000000 -67.27000000 0.61960784 0.63529412 0.60392157
v 18.35000000 0.00000000 -52.57000000 0.61960784 0.63529412 0.60392157
v 18.35000000 0.75000000 -67.27000000 0.61960784 0.63529412 0.60392157
v 18.35000000 0.75000000 -52.57000000 0.61960784 0.63529412 0.60392157
f 594 596 593
f 597 594 593
f 593 596 595
f 595 597 593
f 594 600 596
f 598 594 597
f 598 600 594
f 596 600 595
f 599 597 595
f 595 600 599
f 599 598 597
f 600 598 599

o ALT1_P4f
v 15.25000000 0.00000000 -67.16000000 0.61960784 0.63529412 0.60392157
v 15.25000000 0.00000000 -66.40000000 0.61960784 0.63529412 0.60392157
v 15.25000000 1.50000000 -67.16000000 0.61960784 0.63529412 0.60392157
v 15.25000000 1.50000000 -66.40000000 0.61960784 0.63529412 0.60392157
v 17.13000000 0.00000000 -67.16000000 0.61960784 0.63529412 0.60392157
v 17.13000000 0.00000000 -66.40000000 0.61960784 0.63529412 0.60392157
v 17.13000000 1.50000000 -67.16000000 0.61960784 0.63529412 0.60392157
v 17.13000000 1.50000000 -66.40000000 0.61960784 0.63529412 0.60392157
f 602 604 601
f 605 602 601
f 601 604 603
f 603 605 601
f 602 608 604
f 606 602 605
f 606 608 602
f 604 608 603
f 607 605 603
f 603 608 607
f 607 606 605
f 608 606 607

o ALT1_GRA
v -40.05000000 0.00000000 -68.80000000 0.61960784 0.63529412 0.60392157
v -40.05000000 0.00000000 -61.74000000 0.61960784 0.63529412 0.60392157
v -40.05000000 3.00000000 -68.80000000 0.61960784 0.63529412 0.60392157
v -40.05000000 3.00000000 -61.74000000 0.61960784 0.63529412 0.60392157
v -35.14000000 0.00000000 -68.80000000 0.61960784 0.63529412 0.60392157
v -35.14000000 0.00000000 -61.74000000 0.61960784 0.63529412 0.60392157
v -35.14000000 3.00000000 -68.80000000 0.61960784 0.63529412 0.60392157
v -35.14000000 3.00000000 -61.74000000 0.61960784 0.63529412 0.60392157
f 610 612 609
f 613 610 609
f 609 612 611
f 611 613 609
f 610 616 612
f 614 610 613
f 614 616 610
f 612 616 611
f 615 613 611
f 611 616 615
f 615 614 613
f 616 614 615

o ALT1_SGR
v -40.08000000 0.00000000 -70.46000000 0.61960784 0.63529412 0.60392157
v -40.08000000 0.00000000 -67.62000000 0.61960784 0.63529412 0.60392157
v -40.08000000 3.00000000 -70.46000000 0.61960784 0.63529412 0.60392157
v -40.08000000 3.00000000 -67.62000000 0.61960784 0.63529412 0.60392157
v -38.50000000 0.00000000 -70.46000000 0.61960784 0.63529412 0.60392157
v -38.50000000 0.00000000 -67.62000000 0.61960784 0.63529412 0.60392157
v -38.50000000 3.00000000 -70.46000000 0.61960784 0.63529412 0.60392157
v -38.50000000 3.00000000 -67.62000000 0.61960784 0.63529412 0.60392157
f 618 620 617
f 621 618 617
f 617 620 619
f 619 621 617
f 618 624 620
f 622 618 621
f 622 624 618
f 620 624 619
f 623 621 619
f 619 624 623
f 623 622 621
f 624 622 623

o ALT1_PIN
v -40.35000000 0.00000000 -46.51000000 0.61960784 0.63529412 0.60392157
v -40.35000000 0.00000000 -31.51000000 0.61960784 0.63529412 0.60392157
v -40.35000000 3.00000000 -46.51000000 0.61960784 0.63529412 0.60392157
v -40.35000000 3.00000000 -31.51000000 0.61960784 0.63529412 0.60392157
v -35.36000000 0.00000000 -46.51000000 0.61960784 0.63529412 0.60392157
v -35.36000000 0.00000000 -31.51000000 0.61960784 0.63529412 0.60392157
v -35.36000000 3.00000000 -46.51000000 0.61960784 0.63529412 0.60392157
v -35.36000000 3.00000000 -31.51000000 0.61960784 0.63529412 0.60392157
f 626 628 625
f 629 626 625
f 625 628 627
f 627 629 625
f 626 632 628
f 630 626 629
f 630 632 626
f 628 632 627
f 631 629 627
f 627 632 631
f 631 630 629
f 632 630 631

o ALT1_S1
v 0.41000000 0.00000000 -39.32000000 0.61960784 0.63529412 0.60392157
v 0.41000000 0.00000000 -32.32000000 0.61960784 0.63529412 0.60392157
v 0.41000000 1.15000000 -39.32000000 0.61960784 0.63529412 0.60392157
v 0.41000000 1.15000000 -32.32000000 0.61960784 0.63529412 0.60392157
v 4.41000000 0.00000000 -39.32000000 0.61960784 0.63529412 0.60392157
v 4.41000000 0.00000000 -32.32000000 0.61960784 0.63529412 0.60392157
v 4.41000000 1.15000000 -39.32000000 0.61960784 0.63529412 0.60392157
v 4.41000000 1.15000000 -32.32000000 0.61960784 0.63529412 0.60392157
f 634 636 633
f 637 634 633
f 633 636 635
f 635 637 633
f 634 640 636
f 638 634 637
f 638 640 634
f 636 640 635
f 639 637 635
f 635 640 639
f 639 638 637
f 640 638 639

o ALT1_S2
v 16.95000000 0.00000000 -14.39000000 0.61960784 0.63529412 0.60392157
v 16.95000000 0.00000000 -11.39000000 0.61960784 0.63529412 0.60392157
v 16.95000000 2.15000000 -14.39000000 0.61960784 0.63529412 0.60392157
v 16.95000000 2.15000000 -11.39000000 0.61960784 0.63529412 0.60392157
v 18.35000000 0.00000000 -14.39000000 0.61960784 0.63529412 0.60392157
v 18.35000000 0.00000000 -11.39000000 0.61960784 0.63529412 0.60392157
v 18.35000000 2.15000000 -14.39000000 0.61960784 0.63529412 0.60392157
v 18.35000000 2.15000000 -11.39000000 0.61960784 0.63529412 0.60392157
f 642 644 641
f 645 642 641
f 641 644 643
f 643 645 641
f 642 648 644
f 646 642 645
f 646 648 642
f 644 648 643
f 647 645 643
f 643 648 647
f 647 646 645
f 648 646 647

o ALT1_S3
v 14.64000000 0.00000000 -14.32000000 0.61960784 0.63529412 0.60392157
v 14.64000000 0.00000000 -12.82000000 0.61960784 0.63529412 0.60392157
v 14.64000000 1.00000000 -14.32000000 0.61960784 0.63529412 0.60392157
v 14.64000000 1.00000000 -12.82000000 0.61960784 0.63529412 0.60392157
v 15.64000000 0.00000000 -14.32000000 0.61960784 0.63529412 0.60392157
v 15.64000000 0.00000000 -12.82000000 0.61960784 0.63529412 0.60392157
v 15.64000000 1.00000000 -14.32000000 0.61960784 0.63529412 0.60392157
v 15.64000000 1.00000000 -12.82000000 0.61960784 0.63529412 0.60392157
f 650 652 649
f 653 650 649
f 649 652 651
f 651 653 649
f 650 656 652
f 654 650 653
f 654 656 650
f 652 656 651
f 655 653 651
f 651 656 655
f 655 654 653
f 656 654 655

o ALT1_S4
v 15.07000000 0.00000000 -19.74000000 0.61960784 0.63529412 0.60392157
v 15.07000000 0.00000000 -16.74000000 0.61960784 0.63529412 0.60392157
v 15.07000000 2.10000000 -19.74000000 0.61960784 0.63529412 0.60392157
v 15.07000000 2.10000000 -16.74000000 0.61960784 0.63529412 0.60392157
v 18.07000000 0.00000000 -19.74000000 0.61960784 0.63529412 0.60392157
v 18.07000000 0.00000000 -16.74000000 0.61960784 0.63529412 0.60392157
v 18.07000000 2.10000000 -19.74000000 0.61960784 0.63529412 0.60392157
v 18.07000000 2.10000000 -16.74000000 0.61960784 0.63529412 0.60392157
f 658 660 657
f 661 658 657
f 657 660 659
f 659 661 657
f 658 664 660
f 662 658 661
f 662 664 658
f 660 664 659
f 663 661 659
f 659 664 663
f 663 662 661
f 664 662 663

o ALT1_S6a
v 0.60000000 0.00000000 -56.41000000 0.61960784 0.63529412 0.60392157
v 0.60000000 0.00000000 -53.61000000 0.61960784 0.63529412 0.60392157
v 0.60000000 1.50000000 -56.41000000 0.61960784 0.63529412 0.60392157
v 0.60000000 1.50000000 -53.61000000 0.61960784 0.63529412 0.60392157
v 2.40000000 0.00000000 -56.41000000 0.61960784 0.63529412 0.60392157
v 2.40000000 0.00000000 -53.61000000 0.61960784 0.63529412 0.60392157
v 2.40000000 1.50000000 -56.41000000 0.61960784 0.63529412 0.60392157
v 2.40000000 1.50000000 -53.61000000 0.61960784 0.63529412 0.60392157
f 666 668 665
f 669 666 665
f 665 668 667
f 667 669 665
f 666 672 668
f 670 666 669
f 670 672 666
f 668 672 667
f 671 669 667
f 667 672 671
f 671 670 669
f 672 670 671

o ALT1_S6b
v 3.30000000 0.00000000 -56.41000000 0.61960784 0.63529412 0.60392157
v 3.30000000 0.00000000 -53.61000000 0.61960784 0.63529412 0.60392157
v 3.30000000 1.50000000 -56.41000000 0.61960784 0.63529412 0.60392157
v 3.30000000 1.50000000 -53.61000000 0.61960784 0.63529412 0.60392157
v 5.10000000 0.00000000 -56.41000000 0.61960784 0.63529412 0.60392157
v 5.10000000 0.00000000 -53.61000000 0.61960784 0.63529412 0.60392157
v 5.10000000 1.50000000 -56.41000000 0.61960784 0.63529412 0.60392157
v 5.10000000 1.50000000 -53.61000000 0.61960784 0.63529412 0.60392157
f 674 676 673
f 677 674 673
f 673 676 675
f 675 677 673
f 674 680 676
f 678 674 677
f 678 680 674
f 676 680 675
f 679 677 675
f 675 680 679
f 679 678 677
f 680 678 679

o ALT1_S6c
v 0.64000000 0.00000000 -52.92000000 0.61960784 0.63529412 0.60392157
v 0.64000000 0.00000000 -52.30000000 0.61960784 0.63529412 0.60392157
v 0.64000000 1.00000000 -52.92000000 0.61960784 0.63529412 0.60392157
v 0.64000000 1.00000000 -52.30000000 0.61960784 0.63529412 0.60392157
v 2.04000000 0.00000000 -52.92000000 0.61960784 0.63529412 0.60392157
v 2.04000000 0.00000000 -52.30000000 0.61960784 0.63529412 0.60392157
v 2.04000000 1.00000000 -52.92000000 0.61960784 0.63529412 0.60392157
v 2.04000000 1.00000000 -52.30000000 0.61960784 0.63529412 0.60392157
f 682 684 681
f 685 682 681
f 681 684 683
f 683 685 681
f 682 688 684
f 686 682 685
f 686 688 682
f 684 688 683
f 687 685 683
f 683 688 687
f 687 686 685
f 688 686 687

o ALT1_S6d
v 3.41000000 0.00000000 -52.92000000 0.61960784 0.63529412 0.60392157
v 3.41000000 0.00000000 -52.30000000 0.61960784 0.63529412 0.60392157
v 3.41000000 1.00000000 -52.92000000 0.61960784 0.63529412 0.60392157
v 3.41000000 1.00000000 -52.30000000 0.61960784 0.63529412 0.60392157
v 4.81000000 0.00000000 -52.92000000 0.61960784 0.63529412 0.60392157
v 4.81000000 0.00000000 -52.30000000 0.61960784 0.63529412 0.60392157
v 4.81000000 1.00000000 -52.92000000 0.61960784 0.63529412 0.60392157
v 4.81000000 1.00000000 -52.30000000 0.61960784 0.63529412 0.60392157
f 690 692 689
f 693 690 689
f 689 692 691
f 691 693 689
f 690 696 692
f 694 690 693
f 694 696 690
f 692 696 691
f 695 693 691
f 691 696 695
f 695 694 693
f 696 694 695

o ALT1_S6e
v 1.07000000 0.00000000 -57.94000000 0.61960784 0.63529412 0.60392157
v 1.07000000 0.00000000 -57.32000000 0.61960784 0.63529412 0.60392157
v 1.07000000 1.00000000 -57.94000000 0.61960784 0.63529412 0.60392157
v 1.07000000 1.00000000 -57.32000000 0.61960784 0.63529412 0.60392157
v 1.77000000 0.00000000 -57.94000000 0.61960784 0.63529412 0.60392157
v 1.77000000 0.00000000 -57.32000000 0.61960784 0.63529412 0.60392157
v 1.77000000 1.00000000 -57.94000000 0.61960784 0.63529412 0.60392157
v 1.77000000 1.00000000 -57.32000000 0.61960784 0.63529412 0.60392157
f 698 700 697
f 701 698 697
f 697 700 699
f 699 701 697
f 698 704 700
f 702 698 701
f 702 704 698
f 700 704 699
f 703 701 699
f 699 704 703
f 703 702 701
f 704 702 703

o ALT1_S6f
v 3.76000000 0.00000000 -57.94000000 0.61960784 0.63529412 0.60392157
v 3.76000000 0.00000000 -57.32000000 0.61960784 0.63529412 0.60392157
v 3.76000000 1.00000000 -57.94000000 0.61960784 0.63529412 0.60392157
v 3.76000000 1.00000000 -57.32000000 0.61960784 0.63529412 0.60392157
v 4.46000000 0.00000000 -57.94000000 0.61960784 0.63529412 0.60392157
v 4.46000000 0.00000000 -57.32000000 0.61960784 0.63529412 0.60392157
v 4.46000000 1.00000000 -57.94000000 0.61960784 0.63529412 0.60392157
v 4.46000000 1.00000000 -57.32000000 0.61960784 0.63529412 0.60392157
f 706 708 705
f 709 706 705
f 705 708 707
f 707 709 705
f 706 712 708
f 710 706 709
f 710 712 706
f 708 712 707
f 711 709 707
f 707 712 711
f 711 710 709
f 712 710 711

o ALT1_S6g
v 1.07000000 0.00000000 -59.89000000 0.61960784 0.63529412 0.60392157
v 1.07000000 0.00000000 -59.27000000 0.61960784 0.63529412 0.60392157
v 1.07000000 1.00000000 -59.89000000 0.61960784 0.63529412 0.60392157
v 1.07000000 1.00000000 -59.27000000 0.61960784 0.63529412 0.60392157
v 1.77000000 0.00000000 -59.89000000 0.61960784 0.63529412 0.60392157
v 1.77000000 0.00000000 -59.27000000 0.61960784 0.63529412 0.60392157
v 1.77000000 1.00000000 -59.89000000 0.61960784 0.63529412 0.60392157
v 1.77000000 1.00000000 -59.27000000 0.61960784 0.63529412 0.60392157
f 714 716 713
f 717 714 713
f 713 716 715
f 715 717 713
f 714 720 716
f 718 714 717
f 718 720 714
f 716 720 715
f 719 717 715
f 715 720 719
f 719 718 717
f 720 718 719

o ALT1_EST1
v 17.35000000 0.00000000 -4.79000000 0.70588235 0.71764706 0.69019608
v 17.35000000 0.00000000 -1.80000000 0.70588235 0.71764706 0.69019608
v 17.35000000 4.10000000 -4.79000000 0.70588235 0.71764706 0.69019608
v 17.35000000 4.10000000 -1.80000000 0.70588235 0.71764706 0.69019608
v 18.35000000 0.00000000 -4.79000000 0.70588235 0.71764706 0.69019608
v 18.35000000 0.00000000 -1.80000000 0.70588235 0.71764706 0.69019608
v 18.35000000 4.10000000 -4.79000000 0.70588235 0.71764706 0.69019608
v 18.35000000 4.10000000 -1.80000000 0.70588235 0.71764706 0.69019608
f 722 724 721
f 725 722 721
f 721 724 723
f 723 725 721
f 722 728 724
f 726 722 725
f 726 728 722
f 724 728 723
f 727 725 723
f 723 728 727
f 727 726 725
f 728 726 727

o ALT1_EST2
v 17.35000000 0.00000000 -9.78000000 0.70588235 0.71764706 0.69019608
v 17.35000000 0.00000000 -6.79000000 0.70588235 0.71764706 0.69019608
v 17.35000000 4.10000000 -9.78000000 0.70588235 0.71764706 0.69019608
v 17.35000000 4.10000000 -6.79000000 0.70588235 0.71764706 0.69019608
v 18.35000000 0.00000000 -9.78000000 0.70588235 0.71764706 0.69019608
v 18.35000000 0.00000000 -6.79000000 0.70588235 0.71764706 0.69019608
v 18.35000000 4.10000000 -9.78000000 0.70588235 0.71764706 0.69019608
v 18.35000000 4.10000000 -6.79000000 0.70588235 0.71764706 0.69019608
f 730 732 729
f 733 730 729
f 729 732 731
f 731 733 729
f 730 736 732
f 734 730 733
f 734 736 730
f 732 736 731
f 735 733 731
f 731 736 735
f 735 734 733
f 736 734 735

o ALT1_SMA1
v 3.70000000 0.00000000 -24.44166667 0.61960784 0.63529412 0.60392157
v 3.70000000 0.00000000 -24.14166667 0.61960784 0.63529412 0.60392157
v 3.70000000 0.80000000 -24.44166667 0.61960784 0.63529412 0.60392157
v 3.70000000 0.80000000 -24.14166667 0.61960784 0.63529412 0.60392157
v 4.70000000 0.00000000 -24.44166667 0.61960784 0.63529412 0.60392157
v 4.70000000 0.00000000 -24.14166667 0.61960784 0.63529412 0.60392157
v 4.70000000 0.80000000 -24.44166667 0.61960784 0.63529412 0.60392157
v 4.70000000 0.80000000 -24.14166667 0.61960784 0.63529412 0.60392157
v 3.70000000 0.00000000 -27.42500000 0.61960784 0.63529412 0.60392157
v 3.70000000 0.00000000 -27.12500000 0.61960784 0.63529412 0.60392157
v 3.70000000 0.80000000 -27.42500000 0.61960784 0.63529412 0.60392157
v 3.70000000 0.80000000 -27.12500000 0.61960784 0.63529412 0.60392157
v 4.70000000 0.00000000 -27.42500000 0.61960784 0.63529412 0.60392157
v 4.70000000 0.00000000 -27.12500000 0.61960784 0.63529412 0.60392157
v 4.70000000 0.80000000 -27.42500000 0.61960784 0.63529412 0.60392157
v 4.70000000 0.80000000 -27.12500000 0.61960784 0.63529412 0.60392157
v 3.70000000 0.00000000 -30.40833333 0.61960784 0.63529412 0.60392157
v 3.70000000 0.00000000 -30.10833333 0.61960784 0.63529412 0.60392157
v 3.70000000 0.80000000 -30.40833333 0.61960784 0.63529412 0.60392157
v 3.70000000 0.80000000 -30.10833333 0.61960784 0.63529412 0.60392157
v 4.70000000 0.00000000 -30.40833333 0.61960784 0.63529412 0.60392157
v 4.70000000 0.00000000 -30.10833333 0.61960784 0.63529412 0.60392157
v 4.70000000 0.80000000 -30.40833333 0.61960784 0.63529412 0.60392157
v 4.70000000 0.80000000 -30.10833333 0.61960784 0.63529412 0.60392157
v 4.00000000 0.80000000 -31.75000000 0.61960784 0.63529412 0.60392157
v 4.00000000 0.80000000 -22.80000000 0.61960784 0.63529412 0.60392157
v 4.00000000 1.25000000 -31.75000000 0.61960784 0.63529412 0.60392157
v 4.00000000 1.25000000 -22.80000000 0.61960784 0.63529412 0.60392157
v 4.40000000 0.80000000 -31.75000000 0.61960784 0.63529412 0.60392157
v 4.40000000 0.80000000 -22.80000000 0.61960784 0.63529412 0.60392157
v 4.40000000 1.25000000 -31.75000000 0.61960784 0.63529412 0.60392157
v 4.40000000 1.25000000 -22.80000000 0.61960784 0.63529412 0.60392157
f 738 740 737
f 741 738 737
f 737 740 739
f 739 741 737
f 738 744 740
f 742 738 741
f 742 744 738
f 740 744 739
f 743 741 739
f 739 744 743
f 743 742 741
f 744 742 743
f 746 748 745
f 749 746 745
f 745 748 747
f 747 749 745
f 746 752 748
f 750 746 749
f 750 752 746
f 748 752 747
f 751 749 747
f 747 752 751
f 751 750 749
f 752 750 751
f 754 756 753
f 757 754 753
f 753 756 755
f 755 757 753
f 754 760 756
f 758 754 757
f 758 760 754
f 756 760 755
f 759 757 755
f 755 760 759
f 759 758 757
f 760 758 759
f 762 764 761
f 765 762 761
f 761 764 763
f 763 765 761
f 762 768 764
f 766 762 765
f 766 768 762
f 764 768 763
f 767 765 763
f 763 768 767
f 767 766 765
f 768 766 767

o ALT1_SMA2
v 5.51000000 0.00000000 -60.17666667 0.61960784 0.63529412 0.60392157
v 5.51000000 0.00000000 -59.87666667 0.61960784 0.63529412 0.60392157
v 5.51000000 0.80000000 -60.17666667 0.61960784 0.63529412 0.60392157
v 5.51000000 0.80000000 -59.87666667 0.61960784 0.63529412 0.60392157
v 6.51000000 0.00000000 -60.17666667 0.61960784 0.63529412 0.60392157
v 6.51000000 0.00000000 -59.87666667 0.61960784 0.63529412 0.60392157
v 6.51000000 0.80000000 -60.17666667 0.61960784 0.63529412 0.60392157
v 6.51000000 0.80000000 -59.87666667 0.61960784 0.63529412 0.60392157
v 5.51000000 0.00000000 -62.95000000 0.61960784 0.63529412 0.60392157
v 5.51000000 0.00000000 -62.65000000 0.61960784 0.63529412 0.60392157
v 5.51000000 0.80000000 -62.95000000 0.61960784 0.63529412 0.60392157
v 5.51000000 0.80000000 -62.65000000 0.61960784 0.63529412 0.60392157
v 6.51000000 0.00000000 -62.95000000 0.61960784 0.63529412 0.60392157
v 6.51000000 0.00000000 -62.65000000 0.61960784 0.63529412 0.60392157
v 6.51000000 0.80000000 -62.95000000 0.61960784 0.63529412 0.60392157
v 6.51000000 0.80000000 -62.65000000 0.61960784 0.63529412 0.60392157
v 5.51000000 0.00000000 -65.72333333 0.61960784 0.63529412 0.60392157
v 5.51000000 0.00000000 -65.42333333 0.61960784 0.63529412 0.60392157
v 5.51000000 0.80000000 -65.72333333 0.61960784 0.63529412 0.60392157
v 5.51000000 0.80000000 -65.42333333 0.61960784 0.63529412 0.60392157
v 6.51000000 0.00000000 -65.72333333 0.61960784 0.63529412 0.60392157
v 6.51000000 0.00000000 -65.42333333 0.61960784 0.63529412 0.60392157
v 6.51000000 0.80000000 -65.72333333 0.61960784 0.63529412 0.60392157
v 6.51000000 0.80000000 -65.42333333 0.61960784 0.63529412 0.60392157
v 5.81000000 0.80000000 -66.96000000 0.61960784 0.63529412 0.60392157
v 5.81000000 0.80000000 -58.64000000 0.61960784 0.63529412 0.60392157
v 5.81000000 1.25000000 -66.96000000 0.61960784 0.63529412 0.60392157
v 5.81000000 1.25000000 -58.64000000 0.61960784 0.63529412 0.60392157
v 6.21000000 0.80000000 -66.96000000 0.61960784 0.63529412 0.60392157
v 6.21000000 0.80000000 -58.64000000 0.61960784 0.63529412 0.60392157
v 6.21000000 1.25000000 -66.96000000 0.61960784 0.63529412 0.60392157
v 6.21000000 1.25000000 -58.64000000 0.61960784 0.63529412 0.60392157
f 770 772 769
f 773 770 769
f 769 772 771
f 771 773 769
f 770 776 772
f 774 770 773
f 774 776 770
f 772 776 771
f 775 773 771
f 771 776 775
f 775 774 773
f 776 774 775
f 778 780 777
f 781 778 777
f 777 780 779
f 779 781 777
f 778 784 780
f 782 778 781
f 782 784 778
f 780 784 779
f 783 781 779
f 779 784 783
f 783 782 781
f 784 782 783
f 786 788 785
f 789 786 785
f 785 788 787
f 787 789 785
f 786 792 788
f 790 786 789
f 790 792 786
f 788 792 787
f 791 789 787
f 787 792 791
f 791 790 789
f 792 790 791
f 794 796 793
f 797 794 793
f 793 796 795
f 795 797 793
f 794 800 796
f 798 794 797
f 798 800 794
f 796 800 795
f 799 797 795
f 795 800 799
f 799 798 797
f 800 798 799

o ALT1_SMA3
v 9.73000000 0.00000000 -22.19166667 0.61960784 0.63529412 0.60392157
v 9.73000000 0.00000000 -21.89166667 0.61960784 0.63529412 0.60392157
v 9.73000000 0.80000000 -22.19166667 0.61960784 0.63529412 0.60392157
v 9.73000000 0.80000000 -21.89166667 0.61960784 0.63529412 0.60392157
v 10.73000000 0.00000000 -22.19166667 0.61960784 0.63529412 0.60392157
v 10.73000000 0.00000000 -21.89166667 0.61960784 0.63529412 0.60392157
v 10.73000000 0.80000000 -22.19166667 0.61960784 0.63529412 0.60392157
v 10.73000000 0.80000000 -21.89166667 0.61960784 0.63529412 0.60392157
v 9.73000000 0.00000000 -25.17500000 0.61960784 0.63529412 0.60392157
v 9.73000000 0.00000000 -24.87500000 0.61960784 0.63529412 0.60392157
v 9.73000000 0.80000000 -25.17500000 0.61960784 0.63529412 0.60392157
v 9.73000000 0.80000000 -24.87500000 0.61960784 0.63529412 0.60392157
v 10.73000000 0.00000000 -25.17500000 0.61960784 0.63529412 0.60392157
v 10.73000000 0.00000000 -24.87500000 0.61960784 0.63529412 0.60392157
v 10.73000000 0.80000000 -25.17500000 0.61960784 0.63529412 0.60392157
v 10.73000000 0.80000000 -24.87500000 0.61960784 0.63529412 0.60392157
v 9.73000000 0.00000000 -28.15833333 0.61960784 0.63529412 0.60392157
v 9.73000000 0.00000000 -27.85833333 0.61960784 0.63529412 0.60392157
v 9.73000000 0.80000000 -28.15833333 0.61960784 0.63529412 0.60392157
v 9.73000000 0.80000000 -27.85833333 0.61960784 0.63529412 0.60392157
v 10.73000000 0.00000000 -28.15833333 0.61960784 0.63529412 0.60392157
v 10.73000000 0.00000000 -27.85833333 0.61960784 0.63529412 0.60392157
v 10.73000000 0.80000000 -28.15833333 0.61960784 0.63529412 0.60392157
v 10.73000000 0.80000000 -27.85833333 0.61960784 0.63529412 0.60392157
v 10.03000000 0.80000000 -29.50000000 0.61960784 0.63529412 0.60392157
v 10.03000000 0.80000000 -20.55000000 0.61960784 0.63529412 0.60392157
v 10.03000000 1.25000000 -29.50000000 0.61960784 0.63529412 0.60392157
v 10.03000000 1.25000000 -20.55000000 0.61960784 0.63529412 0.60392157
v 10.43000000 0.80000000 -29.50000000 0.61960784 0.63529412 0.60392157
v 10.43000000 0.80000000 -20.55000000 0.61960784 0.63529412 0.60392157
v 10.43000000 1.25000000 -29.50000000 0.61960784 0.63529412 0.60392157
v 10.43000000 1.25000000 -20.55000000 0.61960784 0.63529412 0.60392157
f 802 804 801
f 805 802 801
f 801 804 803
f 803 805 801
f 802 808 804
f 806 802 805
f 806 808 802
f 804 808 803
f 807 805 803
f 803 808 807
f 807 806 805
f 808 806 807
f 810 812 809
f 813 810 809
f 809 812 811
f 811 813 809
f 810 816 812
f 814 810 813
f 814 816 810
f 812 816 811
f 815 813 811
f 811 816 815
f 815 814 813
f 816 814 815
f 818 820 817
f 821 818 817
f 817 820 819
f 819 821 817
f 818 824 820
f 822 818 821
f 822 824 818
f 820 824 819
f 823 821 819
f 819 824 823
f 823 822 821
f 824 822 823
f 826 828 825
f 829 826 825
f 825 828 827
f 827 829 825
f 826 832 828
f 830 826 829
f 830 832 826
f 828 832 827
f 831 829 827
f 827 832 831
f 831 830 829
f 832 830 831

o ALT1_SMA4
v 9.73000000 0.00000000 -40.32333333 0.61960784 0.63529412 0.60392157
v 9.73000000 0.00000000 -40.02333333 0.61960784 0.63529412 0.60392157
v 9.73000000 0.80000000 -40.32333333 0.61960784 0.63529412 0.60392157
v 9.73000000 0.80000000 -40.02333333 0.61960784 0.63529412 0.60392157
v 10.73000000 0.00000000 -40.32333333 0.61960784 0.63529412 0.60392157
v 10.73000000 0.00000000 -40.02333333 0.61960784 0.63529412 0.60392157
v 10.73000000 0.80000000 -40.32333333 0.61960784 0.63529412 0.60392157
v 10.73000000 0.80000000 -40.02333333 0.61960784 0.63529412 0.60392157
v 9.73000000 0.00000000 -43.31000000 0.61960784 0.63529412 0.60392157
v 9.73000000 0.00000000 -43.01000000 0.61960784 0.63529412 0.60392157
v 9.73000000 0.80000000 -43.31000000 0.61960784 0.63529412 0.60392157
v 9.73000000 0.80000000 -43.01000000 0.61960784 0.63529412 0.60392157
v 10.73000000 0.00000000 -43.31000000 0.61960784 0.63529412 0.60392157
v 10.73000000 0.00000000 -43.01000000 0.61960784 0.63529412 0.60392157
v 10.73000000 0.80000000 -43.31000000 0.61960784 0.63529412 0.60392157
v 10.73000000 0.80000000 -43.01000000 0.61960784 0.63529412 0.60392157
v 9.73000000 0.00000000 -46.29666667 0.61960784 0.63529412 0.60392157
v 9.73000000 0.00000000 -45.99666667 0.61960784 0.63529412 0.60392157
v 9.73000000 0.80000000 -46.29666667 0.61960784 0.63529412 0.60392157
v 9.73000000 0.80000000 -45.99666667 0.61960784 0.63529412 0.60392157
v 10.73000000 0.00000000 -46.29666667 0.61960784 0.63529412 0.60392157
v 10.73000000 0.00000000 -45.99666667 0.61960784 0.63529412 0.60392157
v 10.73000000 0.80000000 -46.29666667 0.61960784 0.63529412 0.60392157
v 10.73000000 0.80000000 -45.99666667 0.61960784 0.63529412 0.60392157
v 10.03000000 0.80000000 -47.64000000 0.61960784 0.63529412 0.60392157
v 10.03000000 0.80000000 -38.68000000 0.61960784 0.63529412 0.60392157
v 10.03000000 1.25000000 -47.64000000 0.61960784 0.63529412 0.60392157
v 10.03000000 1.25000000 -38.68000000 0.61960784 0.63529412 0.60392157
v 10.43000000 0.80000000 -47.64000000 0.61960784 0.63529412 0.60392157
v 10.43000000 0.80000000 -38.68000000 0.61960784 0.63529412 0.60392157
v 10.43000000 1.25000000 -47.64000000 0.61960784 0.63529412 0.60392157
v 10.43000000 1.25000000 -38.68000000 0.61960784 0.63529412 0.60392157
f 834 836 833
f 837 834 833
f 833 836 835
f 835 837 833
f 834 840 836
f 838 834 837
f 838 840 834
f 836 840 835
f 839 837 835
f 835 840 839
f 839 838 837
f 840 838 839
f 842 844 841
f 845 842 841
f 841 844 843
f 843 845 841
f 842 848 844
f 846 842 845
f 846 848 842
f 844 848 843
f 847 845 843
f 843 848 847
f 847 846 845
f 848 846 847
f 850 852 849
f 853 850 849
f 849 852 851
f 851 853 849
f 850 856 852
f 854 850 853
f 854 856 850
f 852 856 851
f 855 853 851
f 851 856 855
f 855 854 853
f 856 854 855
f 858 860 857
f 861 858 857
f 857 860 859
f 859 861 857
f 858 864 860
f 862 858 861
f 862 864 858
f 860 864 859
f 863 861 859
f 859 864 863
f 863 862 861
f 864 862 863

o ALT1_SMA5
v 9.73000000 0.00000000 -50.22166667 0.61960784 0.63529412 0.60392157
v 9.73000000 0.00000000 -49.92166667 0.61960784 0.63529412 0.60392157
v 9.73000000 0.80000000 -50.22166667 0.61960784 0.63529412 0.60392157
v 9.73000000 0.80000000 -49.92166667 0.61960784 0.63529412 0.60392157
v 10.73000000 0.00000000 -50.22166667 0.61960784 0.63529412 0.60392157
v 10.73000000 0.00000000 -49.92166667 0.61960784 0.63529412 0.60392157
v 10.73000000 0.80000000 -50.22166667 0.61960784 0.63529412 0.60392157
v 10.73000000 0.80000000 -49.92166667 0.61960784 0.63529412 0.60392157
v 9.73000000 0.00000000 -53.20500000 0.61960784 0.63529412 0.60392157
v 9.73000000 0.00000000 -52.90500000 0.61960784 0.63529412 0.60392157
v 9.73000000 0.80000000 -53.20500000 0.61960784 0.63529412 0.60392157
v 9.73000000 0.80000000 -52.90500000 0.61960784 0.63529412 0.60392157
v 10.73000000 0.00000000 -53.20500000 0.61960784 0.63529412 0.60392157
v 10.73000000 0.00000000 -52.90500000 0.61960784 0.63529412 0.60392157
v 10.73000000 0.80000000 -53.20500000 0.61960784 0.63529412 0.60392157
v 10.73000000 0.80000000 -52.90500000 0.61960784 0.63529412 0.60392157
v 9.73000000 0.00000000 -56.18833333 0.61960784 0.63529412 0.60392157
v 9.73000000 0.00000000 -55.88833333 0.61960784 0.63529412 0.60392157
v 9.73000000 0.80000000 -56.18833333 0.61960784 0.63529412 0.60392157
v 9.73000000 0.80000000 -55.88833333 0.61960784 0.63529412 0.60392157
v 10.73000000 0.00000000 -56.18833333 0.61960784 0.63529412 0.60392157
v 10.73000000 0.00000000 -55.88833333 0.61960784 0.63529412 0.60392157
v 10.73000000 0.80000000 -56.18833333 0.61960784 0.63529412 0.60392157
v 10.73000000 0.80000000 -55.88833333 0.61960784 0.63529412 0.60392157
v 10.03000000 0.80000000 -57.53000000 0.61960784 0.63529412 0.60392157
v 10.03000000 0.80000000 -48.58000000 0.61960784 0.63529412 0.60392157
v 10.03000000 1.25000000 -57.53000000 0.61960784 0.63529412 0.60392157
v 10.03000000 1.25000000 -48.58000000 0.61960784 0.63529412 0.60392157
v 10.43000000 0.80000000 -57.53000000 0.61960784 0.63529412 0.60392157
v 10.43000000 0.80000000 -48.58000000 0.61960784 0.63529412 0.60392157
v 10.43000000 1.25000000 -57.53000000 0.61960784 0.63529412 0.60392157
v 10.43000000 1.25000000 -48.58000000 0.61960784 0.63529412 0.60392157
f 866 868 865
f 869 866 865
f 865 868 867
f 867 869 865
f 866 872 868
f 870 866 869
f 870 872 866
f 868 872 867
f 871 869 867
f 867 872 871
f 871 870 869
f 872 870 871
f 874 876 873
f 877 874 873
f 873 876 875
f 875 877 873
f 874 880 876
f 878 874 877
f 878 880 874
f 876 880 875
f 879 877 875
f 875 880 879
f 879 878 877
f 880 878 879
f 882 884 881
f 885 882 881
f 881 884 883
f 883 885 881
f 882 888 884
f 886 882 885
f 886 888 882
f 884 888 883
f 887 885 883
f 883 888 887
f 887 886 885
f 888 886 887
f 890 892 889
f 893 890 889
f 889 892 891
f 891 893 889
f 890 896 892
f 894 890 893
f 894 896 890
f 892 896 891
f 895 893 891
f 891 896 895
f 895 894 893
f 896 894 895

o ALT1_SMA6
v 9.73000000 0.00000000 -60.17666667 0.61960784 0.63529412 0.60392157
v 9.73000000 0.00000000 -59.87666667 0.61960784 0.63529412 0.60392157
v 9.73000000 0.80000000 -60.17666667 0.61960784 0.63529412 0.60392157
v 9.73000000 0.80000000 -59.87666667 0.61960784 0.63529412 0.60392157
v 10.73000000 0.00000000 -60.17666667 0.61960784 0.63529412 0.60392157
v 10.73000000 0.00000000 -59.87666667 0.61960784 0.63529412 0.60392157
v 10.73000000 0.80000000 -60.17666667 0.61960784 0.63529412 0.60392157
v 10.73000000 0.80000000 -59.87666667 0.61960784 0.63529412 0.60392157
v 9.73000000 0.00000000 -62.95000000 0.61960784 0.63529412 0.60392157
v 9.73000000 0.00000000 -62.65000000 0.61960784 0.63529412 0.60392157
v 9.73000000 0.80000000 -62.95000000 0.61960784 0.63529412 0.60392157
v 9.73000000 0.80000000 -62.65000000 0.61960784 0.63529412 0.60392157
v 10.73000000 0.00000000 -62.95000000 0.61960784 0.63529412 0.60392157
v 10.73000000 0.00000000 -62.65000000 0.61960784 0.63529412 0.60392157
v 10.73000000 0.80000000 -62.95000000 0.61960784 0.63529412 0.60392157
v 10.73000000 0.80000000 -62.65000000 0.61960784 0.63529412 0.60392157
v 9.73000000 0.00000000 -65.72333333 0.61960784 0.63529412 0.60392157
v 9.73000000 0.00000000 -65.42333333 0.61960784 0.63529412 0.60392157
v 9.73000000 0.80000000 -65.72333333 0.61960784 0.63529412 0.60392157
v 9.73000000 0.80000000 -65.42333333 0.61960784 0.63529412 0.60392157
v 10.73000000 0.00000000 -65.72333333 0.61960784 0.63529412 0.60392157
v 10.73000000 0.00000000 -65.42333333 0.61960784 0.63529412 0.60392157
v 10.73000000 0.80000000 -65.72333333 0.61960784 0.63529412 0.60392157
v 10.73000000 0.80000000 -65.42333333 0.61960784 0.63529412 0.60392157
v 10.03000000 0.80000000 -66.96000000 0.61960784 0.63529412 0.60392157
v 10.03000000 0.80000000 -58.64000000 0.61960784 0.63529412 0.60392157
v 10.03000000 1.25000000 -66.96000000 0.61960784 0.63529412 0.60392157
v 10.03000000 1.25000000 -58.64000000 0.61960784 0.63529412 0.60392157
v 10.43000000 0.80000000 -66.96000000 0.61960784 0.63529412 0.60392157
v 10.43000000 0.80000000 -58.64000000 0.61960784 0.63529412 0.60392157
v 10.43000000 1.25000000 -66.96000000 0.61960784 0.63529412 0.60392157
v 10.43000000 1.25000000 -58.64000000 0.61960784 0.63529412 0.60392157
f 898 900 897
f 901 898 897
f 897 900 899
f 899 901 897
f 898 904 900
f 902 898 901
f 902 904 898
f 900 904 899
f 903 901 899
f 899 904 903
f 903 902 901
f 904 902 903
f 906 908 905
f 909 906 905
f 905 908 907
f 907 909 905
f 906 912 908
f 910 906 909
f 910 912 906
f 908 912 907
f 911 909 907
f 907 912 911
f 911 910 909
f 912 910 911
f 914 916 913
f 917 914 913
f 913 916 915
f 915 917 913
f 914 920 916
f 918 914 917
f 918 920 914
f 916 920 915
f 919 917 915
f 915 920 919
f 919 918 917
f 920 918 919
f 922 924 921
f 925 922 921
f 921 924 923
f 923 925 921
f 922 928 924
f 926 922 925
f 926 928 922
f 924 928 923
f 927 925 923
f 923 928 927
f 927 926 925
f 928 926 927

o ALT1_SOL01
v 3.41000000 0.00000000 -24.29000000 0.61960784 0.63529412 0.60392157
v 3.41000000 0.00000000 -23.39000000 0.61960784 0.63529412 0.60392157
v 3.41000000 1.50000000 -24.29000000 0.61960784 0.63529412 0.60392157
v 3.41000000 1.50000000 -23.39000000 0.61960784 0.63529412 0.60392157
v 5.00000000 0.00000000 -24.29000000 0.61960784 0.63529412 0.60392157
v 5.00000000 0.00000000 -23.39000000 0.61960784 0.63529412 0.60392157
v 5.00000000 1.50000000 -24.29000000 0.61960784 0.63529412 0.60392157
v 5.00000000 1.50000000 -23.39000000 0.61960784 0.63529412 0.60392157
f 930 932 929
f 933 930 929
f 929 932 931
f 931 933 929
f 930 936 932
f 934 930 933
f 934 936 930
f 932 936 931
f 935 933 931
f 931 936 935
f 935 934 933
f 936 934 935

o ALT1_SOL02
v 3.41000000 0.00000000 -30.87000000 0.61960784 0.63529412 0.60392157
v 3.41000000 0.00000000 -29.97000000 0.61960784 0.63529412 0.60392157
v 3.41000000 1.50000000 -30.87000000 0.61960784 0.63529412 0.60392157
v 3.41000000 1.50000000 -29.97000000 0.61960784 0.63529412 0.60392157
v 5.00000000 0.00000000 -30.87000000 0.61960784 0.63529412 0.60392157
v 5.00000000 0.00000000 -29.97000000 0.61960784 0.63529412 0.60392157
v 5.00000000 1.50000000 -30.87000000 0.61960784 0.63529412 0.60392157
v 5.00000000 1.50000000 -29.97000000 0.61960784 0.63529412 0.60392157
f 938 940 937
f 941 938 937
f 937 940 939
f 939 941 937
f 938 944 940
f 942 938 941
f 942 944 938
f 940 944 939
f 943 941 939
f 939 944 943
f 943 942 941
f 944 942 943

o ALT1_SOL03
v 5.21000000 0.00000000 -60.31000000 0.61960784 0.63529412 0.60392157
v 5.21000000 0.00000000 -59.41000000 0.61960784 0.63529412 0.60392157
v 5.21000000 1.50000000 -60.31000000 0.61960784 0.63529412 0.60392157
v 5.21000000 1.50000000 -59.41000000 0.61960784 0.63529412 0.60392157
v 6.80000000 0.00000000 -60.31000000 0.61960784 0.63529412 0.60392157
v 6.80000000 0.00000000 -59.41000000 0.61960784 0.63529412 0.60392157
v 6.80000000 1.50000000 -60.31000000 0.61960784 0.63529412 0.60392157
v 6.80000000 1.50000000 -59.41000000 0.61960784 0.63529412 0.60392157
f 946 948 945
f 949 946 945
f 945 948 947
f 947 949 945
f 946 952 948
f 950 946 949
f 950 952 946
f 948 952 947
f 951 949 947
f 947 952 951
f 951 950 949
f 952 950 951

o ALT1_SOL04
v 5.21000000 0.00000000 -66.07000000 0.61960784 0.63529412 0.60392157
v 5.21000000 0.00000000 -65.17000000 0.61960784 0.63529412 0.60392157
v 5.21000000 1.50000000 -66.07000000 0.61960784 0.63529412 0.60392157
v 5.21000000 1.50000000 -65.17000000 0.61960784 0.63529412 0.60392157
v 6.80000000 0.00000000 -66.07000000 0.61960784 0.63529412 0.60392157
v 6.80000000 0.00000000 -65.17000000 0.61960784 0.63529412 0.60392157
v 6.80000000 1.50000000 -66.07000000 0.61960784 0.63529412 0.60392157
v 6.80000000 1.50000000 -65.17000000 0.61960784 0.63529412 0.60392157
f 954 956 953
f 957 954 953
f 953 956 955
f 955 957 953
f 954 960 956
f 958 954 957
f 958 960 954
f 956 960 955
f 959 957 955
f 955 960 959
f 959 958 957
f 960 958 959

o ALT1_SOL05
v 9.43000000 0.00000000 -22.04000000 0.61960784 0.63529412 0.60392157
v 9.43000000 0.00000000 -21.14000000 0.61960784 0.63529412 0.60392157
v 9.43000000 1.50000000 -22.04000000 0.61960784 0.63529412 0.60392157
v 9.43000000 1.50000000 -21.14000000 0.61960784 0.63529412 0.60392157
v 11.02000000 0.00000000 -22.04000000 0.61960784 0.63529412 0.60392157
v 11.02000000 0.00000000 -21.14000000 0.61960784 0.63529412 0.60392157
v 11.02000000 1.50000000 -22.04000000 0.61960784 0.63529412 0.60392157
v 11.02000000 1.50000000 -21.14000000 0.61960784 0.63529412 0.60392157
f 962 964 961
f 965 962 961
f 961 964 963
f 963 965 961
f 962 968 964
f 966 962 965
f 966 968 962
f 964 968 963
f 967 965 963
f 963 968 967
f 967 966 965
f 968 966 967

o ALT1_SOL06
v 9.43000000 0.00000000 -28.62000000 0.61960784 0.63529412 0.60392157
v 9.43000000 0.00000000 -27.72000000 0.61960784 0.63529412 0.60392157
v 9.43000000 1.50000000 -28.62000000 0.61960784 0.63529412 0.60392157
v 9.43000000 1.50000000 -27.72000000 0.61960784 0.63529412 0.60392157
v 11.02000000 0.00000000 -28.62000000 0.61960784 0.63529412 0.60392157
v 11.02000000 0.00000000 -27.72000000 0.61960784 0.63529412 0.60392157
v 11.02000000 1.50000000 -28.62000000 0.61960784 0.63529412 0.60392157
v 11.02000000 1.50000000 -27.72000000 0.61960784 0.63529412 0.60392157
f 970 972 969
f 973 970 969
f 969 972 971
f 971 973 969
f 970 976 972
f 974 970 973
f 974 976 970
f 972 976 971
f 975 973 971
f 971 976 975
f 975 974 973
f 976 974 975

o ALT1_SOL07
v 9.43000000 0.00000000 -40.17000000 0.61960784 0.63529412 0.60392157
v 9.43000000 0.00000000 -39.27000000 0.61960784 0.63529412 0.60392157
v 9.43000000 1.50000000 -40.17000000 0.61960784 0.63529412 0.60392157
v 9.43000000 1.50000000 -39.27000000 0.61960784 0.63529412 0.60392157
v 11.02000000 0.00000000 -40.17000000 0.61960784 0.63529412 0.60392157
v 11.02000000 0.00000000 -39.27000000 0.61960784 0.63529412 0.60392157
v 11.02000000 1.50000000 -40.17000000 0.61960784 0.63529412 0.60392157
v 11.02000000 1.50000000 -39.27000000 0.61960784 0.63529412 0.60392157
f 978 980 977
f 981 978 977
f 977 980 979
f 979 981 977
f 978 984 980
f 982 978 981
f 982 984 978
f 980 984 979
f 983 981 979
f 979 984 983
f 983 982 981
f 984 982 983

o ALT1_SOL08
v 9.43000000 0.00000000 -46.75000000 0.61960784 0.63529412 0.60392157
v 9.43000000 0.00000000 -45.85000000 0.61960784 0.63529412 0.60392157
v 9.43000000 1.50000000 -46.75000000 0.61960784 0.63529412 0.60392157
v 9.43000000 1.50000000 -45.85000000 0.61960784 0.63529412 0.60392157
v 11.02000000 0.00000000 -46.75000000 0.61960784 0.63529412 0.60392157
v 11.02000000 0.00000000 -45.85000000 0.61960784 0.63529412 0.60392157
v 11.02000000 1.50000000 -46.75000000 0.61960784 0.63529412 0.60392157
v 11.02000000 1.50000000 -45.85000000 0.61960784 0.63529412 0.60392157
f 986 988 985
f 989 986 985
f 985 988 987
f 987 989 985
f 986 992 988
f 990 986 989
f 990 992 986
f 988 992 987
f 991 989 987
f 987 992 991
f 991 990 989
f 992 990 991

o ALT1_SOL09
v 9.43000000 0.00000000 -50.07000000 0.61960784 0.63529412 0.60392157
v 9.43000000 0.00000000 -49.17000000 0.61960784 0.63529412 0.60392157
v 9.43000000 1.50000000 -50.07000000 0.61960784 0.63529412 0.60392157
v 9.43000000 1.50000000 -49.17000000 0.61960784 0.63529412 0.60392157
v 11.02000000 0.00000000 -50.07000000 0.61960784 0.63529412 0.60392157
v 11.02000000 0.00000000 -49.17000000 0.61960784 0.63529412 0.60392157
v 11.02000000 1.50000000 -50.07000000 0.61960784 0.63529412 0.60392157
v 11.02000000 1.50000000 -49.17000000 0.61960784 0.63529412 0.60392157
f 994 996 993
f 997 994 993
f 993 996 995
f 995 997 993
f 994 1000 996
f 998 994 997
f 998 1000 994
f 996 1000 995
f 999 997 995
f 995 1000 999
f 999 998 997
f 1000 998 999

o ALT1_SOL10
v 9.43000000 0.00000000 -56.65000000 0.61960784 0.63529412 0.60392157
v 9.43000000 0.00000000 -55.75000000 0.61960784 0.63529412 0.60392157
v 9.43000000 1.50000000 -56.65000000 0.61960784 0.63529412 0.60392157
v 9.43000000 1.50000000 -55.75000000 0.61960784 0.63529412 0.60392157
v 11.02000000 0.00000000 -56.65000000 0.61960784 0.63529412 0.60392157
v 11.02000000 0.00000000 -55.75000000 0.61960784 0.63529412 0.60392157
v 11.02000000 1.50000000 -56.65000000 0.61960784 0.63529412 0.60392157
v 11.02000000 1.50000000 -55.75000000 0.61960784 0.63529412 0.60392157
f 1002 1004 1001
f 1005 1002 1001
f 1001 1004 1003
f 1003 1005 1001
f 1002 1008 1004
f 1006 1002 1005
f 1006 1008 1002
f 1004 1008 1003
f 1007 1005 1003
f 1003 1008 1007
f 1007 1006 1005
f 1008 1006 1007

o ALT1_SOL11
v 9.43000000 0.00000000 -60.31000000 0.61960784 0.63529412 0.60392157
v 9.43000000 0.00000000 -59.41000000 0.61960784 0.63529412 0.60392157
v 9.43000000 1.50000000 -60.31000000 0.61960784 0.63529412 0.60392157
v 9.43000000 1.50000000 -59.41000000 0.61960784 0.63529412 0.60392157
v 11.02000000 0.00000000 -60.31000000 0.61960784 0.63529412 0.60392157
v 11.02000000 0.00000000 -59.41000000 0.61960784 0.63529412 0.60392157
v 11.02000000 1.50000000 -60.31000000 0.61960784 0.63529412 0.60392157
v 11.02000000 1.50000000 -59.41000000 0.61960784 0.63529412 0.60392157
f 1010 1012 1009
f 1013 1010 1009
f 1009 1012 1011
f 1011 1013 1009
f 1010 1016 1012
f 1014 1010 1013
f 1014 1016 1010
f 1012 1016 1011
f 1015 1013 1011
f 1011 1016 1015
f 1015 1014 1013
f 1016 1014 1015

o ALT1_SOL12
v 9.43000000 0.00000000 -66.07000000 0.61960784 0.63529412 0.60392157
v 9.43000000 0.00000000 -65.17000000 0.61960784 0.63529412 0.60392157
v 9.43000000 1.50000000 -66.07000000 0.61960784 0.63529412 0.60392157
v 9.43000000 1.50000000 -65.17000000 0.61960784 0.63529412 0.60392157
v 11.02000000 0.00000000 -66.07000000 0.61960784 0.63529412 0.60392157
v 11.02000000 0.00000000 -65.17000000 0.61960784 0.63529412 0.60392157
v 11.02000000 1.50000000 -66.07000000 0.61960784 0.63529412 0.60392157
v 11.02000000 1.50000000 -65.17000000 0.61960784 0.63529412 0.60392157
f 1018 1020 1017
f 1021 1018 1017
f 1017 1020 1019
f 1019 1021 1017
f 1018 1024 1020
f 1022 1018 1021
f 1022 1024 1018
f 1020 1024 1019
f 1023 1021 1019
f 1019 1024 1023
f 1023 1022 1021
f 1024 1022 1023

o ALT1_P2
v 13.26000000 0.00000000 -35.76000000 0.70588235 0.71764706 0.69019608
v 13.26000000 0.00000000 -29.73000000 0.70588235 0.71764706 0.69019608
v 13.26000000 1.00000000 -35.76000000 0.70588235 0.71764706 0.69019608
v 13.26000000 1.00000000 -29.73000000 0.70588235 0.71764706 0.69019608
v 14.77000000 0.00000000 -35.76000000 0.70588235 0.71764706 0.69019608
v 14.77000000 0.00000000 -29.73000000 0.70588235 0.71764706 0.69019608
v 14.77000000 1.00000000 -35.76000000 0.70588235 0.71764706 0.69019608
v 14.77000000 1.00000000 -29.73000000 0.70588235 0.71764706 0.69019608
f 1026 1028 1025
f 1029 1026 1025
f 1025 1028 1027
f 1027 1029 1025
f 1026 1032 1028
f 1030 1026 1029
f 1030 1032 1026
f 1028 1032 1027
f 1031 1029 1027
f 1027 1032 1031
f 1031 1030 1029
f 1032 1030 1031

o ALT1_AC1
v 16.53000000 0.00000000 -35.73000000 0.70588235 0.71764706 0.69019608
v 16.53000000 0.00000000 -29.73000000 0.70588235 0.71764706 0.69019608
v 16.53000000 1.00000000 -35.73000000 0.70588235 0.71764706 0.69019608
v 16.53000000 1.00000000 -29.73000000 0.70588235 0.71764706 0.69019608
v 17.31000000 0.00000000 -35.73000000 0.70588235 0.71764706 0.69019608
v 17.31000000 0.00000000 -29.73000000 0.70588235 0.71764706 0.69019608
v 17.31000000 1.00000000 -35.73000000 0.70588235 0.71764706 0.69019608
v 17.31000000 1.00000000 -29.73000000 0.70588235 0.71764706 0.69019608
f 1034 1036 1033
f 1037 1034 1033
f 1033 1036 1035
f 1035 1037 1033
f 1034 1040 1036
f 1038 1034 1037
f 1038 1040 1034
f 1036 1040 1035
f 1039 1037 1035
f 1035 1040 1039
f 1039 1038 1037
f 1040 1038 1039

o ALT1_AC2
v 12.14000000 0.00000000 -19.24000000 0.70588235 0.71764706 0.69019608
v 12.14000000 0.00000000 -16.72000000 0.70588235 0.71764706 0.69019608
v 12.14000000 1.00000000 -19.24000000 0.70588235 0.71764706 0.69019608
v 12.14000000 1.00000000 -16.72000000 0.70588235 0.71764706 0.69019608
v 14.65000000 0.00000000 -19.24000000 0.70588235 0.71764706 0.69019608
v 14.65000000 0.00000000 -16.72000000 0.70588235 0.71764706 0.69019608
v 14.65000000 1.00000000 -19.24000000 0.70588235 0.71764706 0.69019608
v 14.65000000 1.00000000 -16.72000000 0.70588235 0.71764706 0.69019608
f 1042 1044 1041
f 1045 1042 1041
f 1041 1044 1043
f 1043 1045 1041
f 1042 1048 1044
f 1046 1042 1045
f 1046 1048 1042
f 1044 1048 1043
f 1047 1045 1043
f 1043 1048 1047
f 1047 1046 1045
f 1048 1046 1047

o ALT1_AC3
v 12.42000000 0.00000000 -62.85000000 0.70588235 0.71764706 0.69019608
v 12.42000000 0.00000000 -45.77000000 0.70588235 0.71764706 0.69019608
v 12.42000000 1.00000000 -62.85000000 0.70588235 0.71764706 0.69019608
v 12.42000000 1.00000000 -45.77000000 0.70588235 0.71764706 0.69019608
v 13.27000000 0.00000000 -62.85000000 0.70588235 0.71764706 0.69019608
v 13.27000000 0.00000000 -45.77000000 0.70588235 0.71764706 0.69019608
v 13.27000000 1.00000000 -62.85000000 0.70588235 0.71764706 0.69019608
v 13.27000000 1.00000000 -45.77000000 0.70588235 0.71764706 0.69019608
f 1050 1052 1049
f 1053 1050 1049
f 1049 1052 1051
f 1051 1053 1049
f 1050 1056 1052
f 1054 1050 1053
f 1054 1056 1050
f 1052 1056 1051
f 1055 1053 1051
f 1051 1056 1055
f 1055 1054 1053
f 1056 1054 1055

o ALT1_AC3b
v 12.42000000 0.00000000 -44.18000000 0.70588235 0.71764706 0.69019608
v 12.42000000 0.00000000 -39.61000000 0.70588235 0.71764706 0.69019608
v 12.42000000 1.00000000 -44.18000000 0.70588235 0.71764706 0.69019608
v 12.42000000 1.00000000 -39.61000000 0.70588235 0.71764706 0.69019608
v 13.73000000 0.00000000 -44.18000000 0.70588235 0.71764706 0.69019608
v 13.73000000 0.00000000 -39.61000000 0.70588235 0.71764706 0.69019608
v 13.73000000 1.00000000 -44.18000000 0.70588235 0.71764706 0.69019608
v 13.73000000 1.00000000 -39.61000000 0.70588235 0.71764706 0.69019608
f 1058 1060 1057
f 1061 1058 1057
f 1057 1060 1059
f 1059 1061 1057
f 1058 1064 1060
f 1062 1058 1061
f 1062 1064 1058
f 1060 1064 1059
f 1063 1061 1059
f 1059 1064 1063
f 1063 1062 1061
f 1064 1062 1063

o ALT1_AC4
v 0.87000000 0.00000000 -51.09000000 0.70588235 0.71764706 0.69019608
v 0.87000000 0.00000000 -50.40000000 0.70588235 0.71764706 0.69019608
v 0.87000000 1.00000000 -51.09000000 0.70588235 0.71764706 0.69019608
v 0.87000000 1.00000000 -50.40000000 0.70588235 0.71764706 0.69019608
v 5.84000000 0.00000000 -51.09000000 0.70588235 0.71764706 0.69019608
v 5.84000000 0.00000000 -50.40000000 0.70588235 0.71764706 0.69019608
v 5.84000000 1.00000000 -51.09000000 0.70588235 0.71764706 0.69019608
v 5.84000000 1.00000000 -50.40000000 0.70588235 0.71764706 0.69019608
f 1066 1068 1065
f 1069 1066 1065
f 1065 1068 1067
f 1067 1069 1065
f 1066 1072 1068
f 1070 1066 1069
f 1070 1072 1066
f 1068 1072 1067
f 1071 1069 1067
f 1067 1072 1071
f 1071 1070 1069
f 1072 1070 1071

o ALT1_AC4b
v 6.68000000 0.00000000 -57.52000000 0.70588235 0.71764706 0.69019608
v 6.68000000 0.00000000 -50.40000000 0.70588235 0.71764706 0.69019608
v 6.68000000 1.00000000 -57.52000000 0.70588235 0.71764706 0.69019608
v 6.68000000 1.00000000 -50.40000000 0.70588235 0.71764706 0.69019608
v 7.28000000 0.00000000 -57.52000000 0.70588235 0.71764706 0.69019608
v 7.28000000 0.00000000 -50.40000000 0.70588235 0.71764706 0.69019608
v 7.28000000 1.00000000 -57.52000000 0.70588235 0.71764706 0.69019608
v 7.28000000 1.00000000 -50.40000000 0.70588235 0.71764706 0.69019608
f 1074 1076 1073
f 1077 1074 1073
f 1073 1076 1075
f 1075 1077 1073
f 1074 1080 1076
f 1078 1074 1077
f 1078 1080 1074
f 1076 1080 1075
f 1079 1077 1075
f 1075 1080 1079
f 1079 1078 1077
f 1080 1078 1079

o ALT1_AC5
v -40.55000000 0.00000000 -61.51000000 0.70588235 0.71764706 0.69019608
v -40.55000000 0.00000000 -54.09000000 0.70588235 0.71764706 0.69019608
v -40.55000000 0.03000000 -61.51000000 0.70588235 0.71764706 0.69019608
v -40.55000000 0.03000000 -54.09000000 0.70588235 0.71764706 0.69019608
v -35.06000000 0.00000000 -61.51000000 0.70588235 0.71764706 0.69019608
v -35.06000000 0.00000000 -54.09000000 0.70588235 0.71764706 0.69019608
v -35.06000000 0.03000000 -61.51000000 0.70588235 0.71764706 0.69019608
v -35.06000000 0.03000000 -54.09000000 0.70588235 0.71764706 0.69019608
v -39.72650000 0.00000000 -60.39700000 0.70588235 0.71764706 0.69019608
v -39.72650000 0.00000000 -55.20300000 0.70588235 0.71764706 0.69019608
v -39.72650000 0.80000000 -60.39700000 0.70588235 0.71764706 0.69019608
v -39.72650000 0.80000000 -55.20300000 0.70588235 0.71764706 0.69019608
v -35.88350000 0.00000000 -60.39700000 0.70588235 0.71764706 0.69019608
v -35.88350000 0.00000000 -55.20300000 0.70588235 0.71764706 0.69019608
v -35.88350000 0.80000000 -60.39700000 0.70588235 0.71764706 0.69019608
v -35.88350000 0.80000000 -55.20300000 0.70588235 0.71764706 0.69019608
f 1082 1084 1081
f 1085 1082 1081
f 1081 1084 1083
f 1083 1085 1081
f 1082 1088 1084
f 1086 1082 1085
f 1086 1088 1082
f 1084 1088 1083
f 1087 1085 1083
f 1083 1088 1087
f 1087 1086 1085
f 1088 1086 1087
f 1090 1092 1089
f 1093 1090 1089
f 1089 1092 1091
f 1091 1093 1089
f 1090 1096 1092
f 1094 1090 1093
f 1094 1096 1090
f 1092 1096 1091
f 1095 1093 1091
f 1091 1096 1095
f 1095 1094 1093
f 1096 1094 1095

o ALT1_AC6
v -40.55000000 0.00000000 -54.09000000 0.70588235 0.71764706 0.69019608
v -40.55000000 0.00000000 -46.71000000 0.70588235 0.71764706 0.69019608
v -40.55000000 0.03000000 -54.09000000 0.70588235 0.71764706 0.69019608
v -40.55000000 0.03000000 -46.71000000 0.70588235 0.71764706 0.69019608
v -35.06000000 0.00000000 -54.09000000 0.70588235 0.71764706 0.69019608
v -35.06000000 0.00000000 -46.71000000 0.70588235 0.71764706 0.69019608
v -35.06000000 0.03000000 -54.09000000 0.70588235 0.71764706 0.69019608
v -35.06000000 0.03000000 -46.71000000 0.70588235 0.71764706 0.69019608
v -39.72650000 0.00000000 -52.98300000 0.70588235 0.71764706 0.69019608
v -39.72650000 0.00000000 -47.81700000 0.70588235 0.71764706 0.69019608
v -39.72650000 0.80000000 -52.98300000 0.70588235 0.71764706 0.69019608
v -39.72650000 0.80000000 -47.81700000 0.70588235 0.71764706 0.69019608
v -35.88350000 0.00000000 -52.98300000 0.70588235 0.71764706 0.69019608
v -35.88350000 0.00000000 -47.81700000 0.70588235 0.71764706 0.69019608
v -35.88350000 0.80000000 -52.98300000 0.70588235 0.71764706 0.69019608
v -35.88350000 0.80000000 -47.81700000 0.70588235 0.71764706 0.69019608
f 1098 1100 1097
f 1101 1098 1097
f 1097 1100 1099
f 1099 1101 1097
f 1098 1104 1100
f 1102 1098 1101
f 1102 1104 1098
f 1100 1104 1099
f 1103 1101 1099
f 1099 1104 1103
f 1103 1102 1101
f 1104 1102 1103
f 1106 1108 1105
f 1109 1106 1105
f 1105 1108 1107
f 1107 1109 1105
f 1106 1112 1108
f 1110 1106 1109
f 1110 1112 1106
f 1108 1112 1107
f 1111 1109 1107
f 1107 1112 1111
f 1111 1110 1109
f 1112 1110 1111

o ALT1_ALP
v 12.59000000 0.00000000 -14.32000000 0.70588235 0.71764706 0.69019608
v 12.59000000 0.00000000 -12.72000000 0.70588235 0.71764706 0.69019608
v 12.59000000 1.00000000 -14.32000000 0.70588235 0.71764706 0.69019608
v 12.59000000 1.00000000 -12.72000000 0.70588235 0.71764706 0.69019608
v 13.84000000 0.00000000 -14.32000000 0.70588235 0.71764706 0.69019608
v 13.84000000 0.00000000 -12.72000000 0.70588235 0.71764706 0.69019608
v 13.84000000 1.00000000 -14.32000000 0.70588235 0.71764706 0.69019608
v 13.84000000 1.00000000 -12.72000000 0.70588235 0.71764706 0.69019608
f 1114 1116 1113
f 1117 1114 1113
f 1113 1116 1115
f 1115 1117 1113
f 1114 1120 1116
f 1118 1114 1117
f 1118 1120 1114
f 1116 1120 1115
f 1119 1117 1115
f 1115 1120 1119
f 1119 1118 1117
f 1120 1118 1119

o ALT1_A1a
v -14.06000000 0.00000000 -37.71000000 0.70588235 0.71764706 0.69019608
v -14.06000000 0.00000000 -35.68000000 0.70588235 0.71764706 0.69019608
v -14.06000000 1.00000000 -37.71000000 0.70588235 0.71764706 0.69019608
v -14.06000000 1.00000000 -35.68000000 0.70588235 0.71764706 0.69019608
v -5.08000000 0.00000000 -37.71000000 0.70588235 0.71764706 0.69019608
v -5.08000000 0.00000000 -35.68000000 0.70588235 0.71764706 0.69019608
v -5.08000000 1.00000000 -37.71000000 0.70588235 0.71764706 0.69019608
v -5.08000000 1.00000000 -35.68000000 0.70588235 0.71764706 0.69019608
f 1122 1124 1121
f 1125 1122 1121
f 1121 1124 1123
f 1123 1125 1121
f 1122 1128 1124
f 1126 1122 1125
f 1126 1128 1122
f 1124 1128 1123
f 1127 1125 1123
f 1123 1128 1127
f 1127 1126 1125
f 1128 1126 1127

o ALT1_A1b
v -14.06000000 0.00000000 -40.00000000 0.70588235 0.71764706 0.69019608
v -14.06000000 0.00000000 -37.97000000 0.70588235 0.71764706 0.69019608
v -14.06000000 1.00000000 -40.00000000 0.70588235 0.71764706 0.69019608
v -14.06000000 1.00000000 -37.97000000 0.70588235 0.71764706 0.69019608
v -5.08000000 0.00000000 -40.00000000 0.70588235 0.71764706 0.69019608
v -5.08000000 0.00000000 -37.97000000 0.70588235 0.71764706 0.69019608
v -5.08000000 1.00000000 -40.00000000 0.70588235 0.71764706 0.69019608
v -5.08000000 1.00000000 -37.97000000 0.70588235 0.71764706 0.69019608
f 1130 1132 1129
f 1133 1130 1129
f 1129 1132 1131
f 1131 1133 1129
f 1130 1136 1132
f 1134 1130 1133
f 1134 1136 1130
f 1132 1136 1131
f 1135 1133 1131
f 1131 1136 1135
f 1135 1134 1133
f 1136 1134 1135

o ALT1_A1c
v -7.10000000 0.00000000 -35.21000000 0.70588235 0.71764706 0.69019608
v -7.10000000 0.00000000 -26.22000000 0.70588235 0.71764706 0.69019608
v -7.10000000 1.00000000 -35.21000000 0.70588235 0.71764706 0.69019608
v -7.10000000 1.00000000 -26.22000000 0.70588235 0.71764706 0.69019608
v -5.08000000 0.00000000 -35.21000000 0.70588235 0.71764706 0.69019608
v -5.08000000 0.00000000 -26.22000000 0.70588235 0.71764706 0.69019608
v -5.08000000 1.00000000 -35.21000000 0.70588235 0.71764706 0.69019608
v -5.08000000 1.00000000 -26.22000000 0.70588235 0.71764706 0.69019608
f 1138 1140 1137
f 1141 1138 1137
f 1137 1140 1139
f 1139 1141 1137
f 1138 1144 1140
f 1142 1138 1141
f 1142 1144 1138
f 1140 1144 1139
f 1143 1141 1139
f 1139 1144 1143
f 1143 1142 1141
f 1144 1142 1143

o ALT1_A2
v -20.08000000 0.00000000 -54.70000000 0.70588235 0.71764706 0.69019608
v -20.08000000 0.00000000 -51.89000000 0.70588235 0.71764706 0.69019608
v -20.08000000 1.00000000 -54.70000000 0.70588235 0.71764706 0.69019608
v -20.08000000 1.00000000 -51.89000000 0.70588235 0.71764706 0.69019608
v -5.08000000 0.00000000 -54.70000000 0.70588235 0.71764706 0.69019608
v -5.08000000 0.00000000 -51.89000000 0.70588235 0.71764706 0.69019608
v -5.08000000 1.00000000 -54.70000000 0.70588235 0.71764706 0.69019608
v -5.08000000 1.00000000 -51.89000000 0.70588235 0.71764706 0.69019608
f 1146 1148 1145
f 1149 1146 1145
f 1145 1148 1147
f 1147 1149 1145
f 1146 1152 1148
f 1150 1146 1149
f 1150 1152 1146
f 1148 1152 1147
f 1151 1149 1147
f 1147 1152 1151
f 1151 1150 1149
f 1152 1150 1151

o ALT1_A7
v -25.74000000 0.00000000 -65.63000000 0.70588235 0.71764706 0.69019608
v -25.74000000 0.00000000 -62.82000000 0.70588235 0.71764706 0.69019608
v -25.74000000 1.00000000 -65.63000000 0.70588235 0.71764706 0.69019608
v -25.74000000 1.00000000 -62.82000000 0.70588235 0.71764706 0.69019608
v -5.08000000 0.00000000 -65.63000000 0.70588235 0.71764706 0.69019608
v -5.08000000 0.00000000 -62.82000000 0.70588235 0.71764706 0.69019608
v -5.08000000 1.00000000 -65.63000000 0.70588235 0.71764706 0.69019608
v -5.08000000 1.00000000 -62.82000000 0.70588235 0.71764706 0.69019608
f 1154 1156 1153
f 1157 1154 1153
f 1153 1156 1155
f 1155 1157 1153
f 1154 1160 1156
f 1158 1154 1157
f 1158 1160 1154
f 1156 1160 1155
f 1159 1157 1155
f 1155 1160 1159
f 1159 1158 1157
f 1160 1158 1159

o ALT1_PTC1
v -25.81000000 0.00000000 -59.41000000 0.70588235 0.71764706 0.69019608
v -25.81000000 0.00000000 -56.60000000 0.70588235 0.71764706 0.69019608
v -25.81000000 1.00000000 -59.41000000 0.70588235 0.71764706 0.69019608
v -25.81000000 1.00000000 -56.60000000 0.70588235 0.71764706 0.69019608
v -16.39000000 0.00000000 -59.41000000 0.70588235 0.71764706 0.69019608
v -16.39000000 0.00000000 -56.60000000 0.70588235 0.71764706 0.69019608
v -16.39000000 1.00000000 -59.41000000 0.70588235 0.71764706 0.69019608
v -16.39000000 1.00000000 -56.60000000 0.70588235 0.71764706 0.69019608
f 1162 1164 1161
f 1165 1162 1161
f 1161 1164 1163
f 1163 1165 1161
f 1162 1168 1164
f 1166 1162 1165
f 1166 1168 1162
f 1164 1168 1163
f 1167 1165 1163
f 1163 1168 1167
f 1167 1166 1165
f 1168 1166 1167

o ALT1_PTC2
v -14.50000000 0.00000000 -59.41000000 0.70588235 0.71764706 0.69019608
v -14.50000000 0.00000000 -56.60000000 0.70588235 0.71764706 0.69019608
v -14.50000000 1.00000000 -59.41000000 0.70588235 0.71764706 0.69019608
v -14.50000000 1.00000000 -56.60000000 0.70588235 0.71764706 0.69019608
v -5.08000000 0.00000000 -59.41000000 0.70588235 0.71764706 0.69019608
v -5.08000000 0.00000000 -56.60000000 0.70588235 0.71764706 0.69019608
v -5.08000000 1.00000000 -59.41000000 0.70588235 0.71764706 0.69019608
v -5.08000000 1.00000000 -56.60000000 0.70588235 0.71764706 0.69019608
f 1170 1172 1169
f 1173 1170 1169
f 1169 1172 1171
f 1171 1173 1169
f 1170 1176 1172
f 1174 1170 1173
f 1174 1176 1170
f 1172 1176 1171
f 1175 1173 1171
f 1171 1176 1175
f 1175 1174 1173
f 1176 1174 1175

o ALT1_A8
v -2.59000000 0.00000000 -67.39000000 0.70588235 0.71764706 0.69019608
v -2.59000000 0.00000000 -55.52000000 0.70588235 0.71764706 0.69019608
v -2.59000000 1.00000000 -67.39000000 0.70588235 0.71764706 0.69019608
v -2.59000000 1.00000000 -55.52000000 0.70588235 0.71764706 0.69019608
v -0.20000000 0.00000000 -67.39000000 0.70588235 0.71764706 0.69019608
v -0.20000000 0.00000000 -55.52000000 0.70588235 0.71764706 0.69019608
v -0.20000000 1.00000000 -67.39000000 0.70588235 0.71764706 0.69019608
v -0.20000000 1.00000000 -55.52000000 0.70588235 0.71764706 0.69019608
f 1178 1180 1177
f 1181 1178 1177
f 1177 1180 1179
f 1179 1181 1177
f 1178 1184 1180
f 1182 1178 1181
f 1182 1184 1178
f 1180 1184 1179
f 1183 1181 1179
f 1179 1184 1183
f 1183 1182 1181
f 1184 1182 1183

o ALT1_A9
v 0.20000000 0.00000000 -67.27000000 0.70588235 0.71764706 0.69019608
v 0.20000000 0.00000000 -61.68000000 0.70588235 0.71764706 0.69019608
v 0.20000000 1.00000000 -67.27000000 0.70588235 0.71764706 0.69019608
v 0.20000000 1.00000000 -61.68000000 0.70588235 0.71764706 0.69019608
v 3.33000000 0.00000000 -67.27000000 0.70588235 0.71764706 0.69019608
v 3.33000000 0.00000000 -61.68000000 0.70588235 0.71764706 0.69019608
v 3.33000000 1.00000000 -67.27000000 0.70588235 0.71764706 0.69019608
v 3.33000000 1.00000000 -61.68000000 0.70588235 0.71764706 0.69019608
f 1186 1188 1185
f 1189 1186 1185
f 1185 1188 1187
f 1187 1189 1185
f 1186 1192 1188
f 1190 1186 1189
f 1190 1192 1186
f 1188 1192 1187
f 1191 1189 1187
f 1187 1192 1191
f 1191 1190 1189
f 1192 1190 1191

o ALT1_A10
v -3.69000000 0.00000000 -40.00000000 0.70588235 0.71764706 0.69019608
v -3.69000000 0.00000000 -24.93000000 0.70588235 0.71764706 0.69019608
v -3.69000000 1.00000000 -40.00000000 0.70588235 0.71764706 0.69019608
v -3.69000000 1.00000000 -24.93000000 0.70588235 0.71764706 0.69019608
v -0.20000000 0.00000000 -40.00000000 0.70588235 0.71764706 0.69019608
v -0.20000000 0.00000000 -24.93000000 0.70588235 0.71764706 0.69019608
v -0.20000000 1.00000000 -40.00000000 0.70588235 0.71764706 0.69019608
v -0.20000000 1.00000000 -24.93000000 0.70588235 0.71764706 0.69019608
f 1194 1196 1193
f 1197 1194 1193
f 1193 1196 1195
f 1195 1197 1193
f 1194 1200 1196
f 1198 1194 1197
f 1198 1200 1194
f 1196 1200 1195
f 1199 1197 1195
f 1195 1200 1199
f 1199 1198 1197
f 1200 1198 1199

o ALT1_A11
v -33.00000000 0.00000000 -75.42000000 0.80392157 0.81176471 0.78823529
v -33.00000000 0.00000000 -71.02000000 0.80392157 0.81176471 0.78823529
v -33.00000000 3.00000000 -75.42000000 0.80392157 0.81176471 0.78823529
v -33.00000000 3.00000000 -71.02000000 0.80392157 0.81176471 0.78823529
v -12.70000000 0.00000000 -75.42000000 0.80392157 0.81176471 0.78823529
v -12.70000000 0.00000000 -71.02000000 0.80392157 0.81176471 0.78823529
v -12.70000000 3.00000000 -75.42000000 0.80392157 0.81176471 0.78823529
v -12.70000000 3.00000000 -71.02000000 0.80392157 0.81176471 0.78823529
f 1202 1204 1201
f 1205 1202 1201
f 1201 1204 1203
f 1203 1205 1201
f 1202 1208 1204
f 1206 1202 1205
f 1206 1208 1202
f 1204 1208 1203
f 1207 1205 1203
f 1203 1208 1207
f 1207 1206 1205
f 1208 1206 1207

o ALT1_A12
v -43.14000000 0.00000000 -29.47000000 0.70588235 0.71764706 0.69019608
v -43.14000000 0.00000000 -25.34000000 0.70588235 0.71764706 0.69019608
v -43.14000000 1.00000000 -29.47000000 0.70588235 0.71764706 0.69019608
v -43.14000000 1.00000000 -25.34000000 0.70588235 0.71764706 0.69019608
v -40.30000000 0.00000000 -29.47000000 0.70588235 0.71764706 0.69019608
v -40.30000000 0.00000000 -25.34000000 0.70588235 0.71764706 0.69019608
v -40.30000000 1.00000000 -29.47000000 0.70588235 0.71764706 0.69019608
v -40.30000000 1.00000000 -25.34000000 0.70588235 0.71764706 0.69019608
f 1210 1212 1209
f 1213 1210 1209
f 1209 1212 1211
f 1211 1213 1209
f 1210 1216 1212
f 1214 1210 1213
f 1214 1216 1210
f 1212 1216 1211
f 1215 1213 1211
f 1211 1216 1215
f 1215 1214 1213
f 1216 1214 1215

o ALT1_DBU
v -7.70000000 0.00000000 -74.89000000 0.80392157 0.81176471 0.78823529
v -7.70000000 0.00000000 -67.59000000 0.80392157 0.81176471 0.78823529
v -7.70000000 3.00000000 -74.89000000 0.80392157 0.81176471 0.78823529
v -7.70000000 3.00000000 -67.59000000 0.80392157 0.81176471 0.78823529
v -0.20000000 0.00000000 -74.89000000 0.80392157 0.81176471 0.78823529
v -0.20000000 0.00000000 -67.59000000 0.80392157 0.81176471 0.78823529
v -0.20000000 3.00000000 -74.89000000 0.80392157 0.81176471 0.78823529
v -0.20000000 3.00000000 -67.59000000 0.80392157 0.81176471 0.78823529
f 1218 1220 1217
f 1221 1218 1217
f 1217 1220 1219
f 1219 1221 1217
f 1218 1224 1220
f 1222 1218 1221
f 1222 1224 1218
f 1220 1224 1219
f 1223 1221 1219
f 1219 1224 1223
f 1223 1222 1221
f 1224 1222 1223

o ALT1_DPI
v -0.20000000 0.00000000 -74.89000000 0.80392157 0.81176471 0.78823529
v -0.20000000 0.00000000 -67.59000000 0.80392157 0.81176471 0.78823529
v -0.20000000 5.00000000 -74.89000000 0.80392157 0.81176471 0.78823529
v -0.20000000 5.00000000 -67.59000000 0.80392157 0.81176471 0.78823529
v 4.50000000 0.00000000 -74.89000000 0.80392157 0.81176471 0.78823529
v 4.50000000 0.00000000 -67.59000000 0.80392157 0.81176471 0.78823529
v 4.50000000 5.00000000 -74.89000000 0.80392157 0.81176471 0.78823529
v 4.50000000 5.00000000 -67.59000000 0.80392157 0.81176471 0.78823529
f 1226 1228 1225
f 1229 1226 1225
f 1225 1228 1227
f 1227 1229 1225
f 1226 1232 1228
f 1230 1226 1229
f 1230 1232 1226
f 1228 1232 1227
f 1231 1229 1227
f 1227 1232 1231
f 1231 1230 1229
f 1232 1230 1231

o ALT1_PGR
v 0.20000000 6.00000000 -67.27000000 0.33725490 0.38039216 0.41960784
v 0.20000000 6.00000000 -30.00000000 0.33725490 0.38039216 0.41960784
v 0.20000000 6.40000000 -67.27000000 0.33725490 0.38039216 0.41960784
v 0.20000000 6.40000000 -30.00000000 0.33725490 0.38039216 0.41960784
v 0.45000000 6.00000000 -67.27000000 0.33725490 0.38039216 0.41960784
v 0.45000000 6.00000000 -30.00000000 0.33725490 0.38039216 0.41960784
v 0.45000000 6.40000000 -67.27000000 0.33725490 0.38039216 0.41960784
v 0.45000000 6.40000000 -30.00000000 0.33725490 0.38039216 0.41960784
v 18.36000000 6.00000000 -67.27000000 0.33725490 0.38039216 0.41960784
v 18.36000000 6.00000000 -30.00000000 0.33725490 0.38039216 0.41960784
v 18.36000000 6.40000000 -67.27000000 0.33725490 0.38039216 0.41960784
v 18.36000000 6.40000000 -30.00000000 0.33725490 0.38039216 0.41960784
v 18.61000000 6.00000000 -67.27000000 0.33725490 0.38039216 0.41960784
v 18.61000000 6.00000000 -30.00000000 0.33725490 0.38039216 0.41960784
v 18.61000000 6.40000000 -67.27000000 0.33725490 0.38039216 0.41960784
v 18.61000000 6.40000000 -30.00000000 0.33725490 0.38039216 0.41960784
v 0.20000000 6.40000000 -58.90000000 0.33725490 0.38039216 0.41960784
v 0.20000000 6.40000000 -57.69000000 0.33725490 0.38039216 0.41960784
v 0.20000000 6.95000000 -58.90000000 0.33725490 0.38039216 0.41960784
v 0.20000000 6.95000000 -57.69000000 0.33725490 0.38039216 0.41960784
v 18.61000000 6.40000000 -58.90000000 0.33725490 0.38039216 0.41960784
v 18.61000000 6.40000000 -57.69000000 0.33725490 0.38039216 0.41960784
v 18.61000000 6.95000000 -58.90000000 0.33725490 0.38039216 0.41960784
v 18.61000000 6.95000000 -57.69000000 0.33725490 0.38039216 0.41960784
f 1234 1236 1233
f 1237 1234 1233
f 1233 1236 1235
f 1235 1237 1233
f 1234 1240 1236
f 1238 1234 1237
f 1238 1240 1234
f 1236 1240 1235
f 1239 1237 1235
f 1235 1240 1239
f 1239 1238 1237
f 1240 1238 1239
f 1242 1244 1241
f 1245 1242 1241
f 1241 1244 1243
f 1243 1245 1241
f 1242 1248 1244
f 1246 1242 1245
f 1246 1248 1242
f 1244 1248 1243
f 1247 1245 1243
f 1243 1248 1247
f 1247 1246 1245
f 1248 1246 1247
f 1250 1252 1249
f 1253 1250 1249
f 1249 1252 1251
f 1251 1253 1249
f 1250 1256 1252
f 1254 1250 1253
f 1254 1256 1250
f 1252 1256 1251
f 1255 1253 1251
f 1251 1256 1255
f 1255 1254 1253
f 1256 1254 1255

o ALT1_SPO1
v 11.69000000 0.00000000 -32.42000000 0.33725490 0.38039216 0.41960784
v 11.69000000 0.00000000 -31.92000000 0.33725490 0.38039216 0.41960784
v 11.69000000 3.00000000 -32.42000000 0.33725490 0.38039216 0.41960784
v 11.69000000 3.00000000 -31.92000000 0.33725490 0.38039216 0.41960784
v 12.00000000 0.00000000 -32.42000000 0.33725490 0.38039216 0.41960784
v 12.00000000 0.00000000 -31.92000000 0.33725490 0.38039216 0.41960784
v 12.00000000 3.00000000 -32.42000000 0.33725490 0.38039216 0.41960784
v 12.00000000 3.00000000 -31.92000000 0.33725490 0.38039216 0.41960784
v 11.69000000 3.00000000 -32.31000000 0.33725490 0.38039216 0.41960784
v 11.69000000 3.00000000 -32.03000000 0.33725490 0.38039216 0.41960784
v 11.69000000 3.35000000 -32.31000000 0.33725490 0.38039216 0.41960784
v 11.69000000 3.35000000 -32.03000000 0.33725490 0.38039216 0.41960784
v 18.61000000 3.00000000 -32.31000000 0.33725490 0.38039216 0.41960784
v 18.61000000 3.00000000 -32.03000000 0.33725490 0.38039216 0.41960784
v 18.61000000 3.35000000 -32.31000000 0.33725490 0.38039216 0.41960784
v 18.61000000 3.35000000 -32.03000000 0.33725490 0.38039216 0.41960784
f 1258 1260 1257
f 1261 1258 1257
f 1257 1260 1259
f 1259 1261 1257
f 1258 1264 1260
f 1262 1258 1261
f 1262 1264 1258
f 1260 1264 1259
f 1263 1261 1259
f 1259 1264 1263
f 1263 1262 1261
f 1264 1262 1263
f 1266 1268 1265
f 1269 1266 1265
f 1265 1268 1267
f 1267 1269 1265
f 1266 1272 1268
f 1270 1266 1269
f 1270 1272 1266
f 1268 1272 1267
f 1271 1269 1267
f 1267 1272 1271
f 1271 1270 1269
f 1272 1270 1271

o ALT1_SPO2
v 11.69000000 0.00000000 -64.54000000 0.33725490 0.38039216 0.41960784
v 11.69000000 0.00000000 -64.04000000 0.33725490 0.38039216 0.41960784
v 11.69000000 3.00000000 -64.54000000 0.33725490 0.38039216 0.41960784
v 11.69000000 3.00000000 -64.04000000 0.33725490 0.38039216 0.41960784
v 12.00000000 0.00000000 -64.54000000 0.33725490 0.38039216 0.41960784
v 12.00000000 0.00000000 -64.04000000 0.33725490 0.38039216 0.41960784
v 12.00000000 3.00000000 -64.54000000 0.33725490 0.38039216 0.41960784
v 12.00000000 3.00000000 -64.04000000 0.33725490 0.38039216 0.41960784
v 11.69000000 3.00000000 -64.42000000 0.33725490 0.38039216 0.41960784
v 11.69000000 3.00000000 -64.15000000 0.33725490 0.38039216 0.41960784
v 11.69000000 3.35000000 -64.42000000 0.33725490 0.38039216 0.41960784
v 11.69000000 3.35000000 -64.15000000 0.33725490 0.38039216 0.41960784
v 18.61000000 3.00000000 -64.42000000 0.33725490 0.38039216 0.41960784
v 18.61000000 3.00000000 -64.15000000 0.33725490 0.38039216 0.41960784
v 18.61000000 3.35000000 -64.42000000 0.33725490 0.38039216 0.41960784
v 18.61000000 3.35000000 -64.15000000 0.33725490 0.38039216 0.41960784
f 1274 1276 1273
f 1277 1274 1273
f 1273 1276 1275
f 1275 1277 1273
f 1274 1280 1276
f 1278 1274 1277
f 1278 1280 1274
f 1276 1280 1275
f 1279 1277 1275
f 1275 1280 1279
f 1279 1278 1277
f 1280 1278 1279
f 1282 1284 1281
f 1285 1282 1281
f 1281 1284 1283
f 1283 1285 1281
f 1282 1288 1284
f 1286 1282 1285
f 1286 1288 1282
f 1284 1288 1283
f 1287 1285 1283
f 1283 1288 1287
f 1287 1286 1285
f 1288 1286 1287

o ALT1_RPI
v -38.10000000 3.20000000 -46.51000000 0.33725490 0.38039216 0.41960784
v -38.10000000 3.20000000 -31.51000000 0.33725490 0.38039216 0.41960784
v -38.10000000 3.50000000 -46.51000000 0.33725490 0.38039216 0.41960784
v -38.10000000 3.50000000 -31.51000000 0.33725490 0.38039216 0.41960784
v -37.60000000 3.20000000 -46.51000000 0.33725490 0.38039216 0.41960784
v -37.60000000 3.20000000 -31.51000000 0.33725490 0.38039216 0.41960784
v -37.60000000 3.50000000 -46.51000000 0.33725490 0.38039216 0.41960784
v -37.60000000 3.50000000 -31.51000000 0.33725490 0.38039216 0.41960784
f 1290 1292 1289
f 1293 1290 1289
f 1289 1292 1291
f 1291 1293 1289
f 1290 1296 1292
f 1294 1290 1293
f 1294 1296 1290
f 1292 1296 1291
f 1295 1293 1291
f 1291 1296 1295
f 1295 1294 1293
f 1296 1294 1295

o ALT1_MUL1
v -13.99000000 0.00000000 -50.88000000 0.49019608 0.54117647 0.58823529
v -13.99000000 0.00000000 -49.42000000 0.49019608 0.54117647 0.58823529
v -13.99000000 2.20000000 -50.88000000 0.49019608 0.54117647 0.58823529
v -13.99000000 2.20000000 -49.42000000 0.49019608 0.54117647 0.58823529
v -11.20000000 0.00000000 -50.88000000 0.49019608 0.54117647 0.58823529
v -11.20000000 0.00000000 -49.42000000 0.49019608 0.54117647 0.58823529
v -11.20000000 2.20000000 -50.88000000 0.49019608 0.54117647 0.58823529
v -11.20000000 2.20000000 -49.42000000 0.49019608 0.54117647 0.58823529
f 1298 1300 1297
f 1301 1298 1297
f 1297 1300 1299
f 1299 1301 1297
f 1298 1304 1300
f 1302 1298 1301
f 1302 1304 1298
f 1300 1304 1299
f 1303 1301 1299
f 1299 1304 1303
f 1303 1302 1301
f 1304 1302 1303

o ALT1_MUL2
v -23.98000000 0.00000000 -50.49000000 0.49019608 0.54117647 0.58823529
v -23.98000000 0.00000000 -49.39000000 0.49019608 0.54117647 0.58823529
v -23.98000000 2.20000000 -50.49000000 0.49019608 0.54117647 0.58823529
v -23.98000000 2.20000000 -49.39000000 0.49019608 0.54117647 0.58823529
v -20.73000000 0.00000000 -50.49000000 0.49019608 0.54117647 0.58823529
v -20.73000000 0.00000000 -49.39000000 0.49019608 0.54117647 0.58823529
v -20.73000000 2.20000000 -50.49000000 0.49019608 0.54117647 0.58823529
v -20.73000000 2.20000000 -49.39000000 0.49019608 0.54117647 0.58823529
f 1306 1308 1305
f 1309 1306 1305
f 1305 1308 1307
f 1307 1309 1305
f 1306 1312 1308
f 1310 1306 1309
f 1310 1312 1306
f 1308 1312 1307
f 1311 1309 1307
f 1307 1312 1311
f 1311 1310 1309
f 1312 1310 1311

o ALT1_TRP
v 3.92000000 0.00000000 -50.54000000 0.49019608 0.54117647 0.58823529
v 3.92000000 0.00000000 -48.89000000 0.49019608 0.54117647 0.58823529
v 3.92000000 1.40000000 -50.54000000 0.49019608 0.54117647 0.58823529
v 3.92000000 1.40000000 -48.89000000 0.49019608 0.54117647 0.58823529
v 4.52000000 0.00000000 -50.54000000 0.49019608 0.54117647 0.58823529
v 4.52000000 0.00000000 -48.89000000 0.49019608 0.54117647 0.58823529
v 4.52000000 1.40000000 -50.54000000 0.49019608 0.54117647 0.58823529
v 4.52000000 1.40000000 -48.89000000 0.49019608 0.54117647 0.58823529
f 1314 1316 1313
f 1317 1314 1313
f 1313 1316 1315
f 1315 1317 1313
f 1314 1320 1316
f 1318 1314 1317
f 1318 1320 1314
f 1316 1320 1315
f 1319 1317 1315
f 1315 1320 1319
f 1319 1318 1317
f 1320 1318 1319

o ALT1_OP01
v 16.22000000 0.00000000 -23.76000000 0.24313725 0.39215686 0.58823529
v 16.44000000 0.00000000 -23.76000000 0.24313725 0.39215686 0.58823529
v 16.44000000 1.65000000 -23.76000000 0.24313725 0.39215686 0.58823529
v 16.22000000 1.65000000 -23.76000000 0.24313725 0.39215686 0.58823529
v 16.41052559 0.00000000 -23.87000000 0.24313725 0.39215686 0.58823529
v 16.41052559 1.65000000 -23.87000000 0.24313725 0.39215686 0.58823529
v 16.33000000 0.00000000 -23.95052559 0.24313725 0.39215686 0.58823529
v 16.33000000 1.65000000 -23.95052559 0.24313725 0.39215686 0.58823529
v 16.22000000 0.00000000 -23.98000000 0.24313725 0.39215686 0.58823529
v 16.22000000 1.65000000 -23.98000000 0.24313725 0.39215686 0.58823529
v 16.11000000 0.00000000 -23.95052559 0.24313725 0.39215686 0.58823529
v 16.11000000 1.65000000 -23.95052559 0.24313725 0.39215686 0.58823529
v 16.02947441 0.00000000 -23.87000000 0.24313725 0.39215686 0.58823529
v 16.02947441 1.65000000 -23.87000000 0.24313725 0.39215686 0.58823529
v 16.00000000 0.00000000 -23.76000000 0.24313725 0.39215686 0.58823529
v 16.00000000 1.65000000 -23.76000000 0.24313725 0.39215686 0.58823529
v 16.02947441 0.00000000 -23.65000000 0.24313725 0.39215686 0.58823529
v 16.02947441 1.65000000 -23.65000000 0.24313725 0.39215686 0.58823529
v 16.11000000 0.00000000 -23.56947441 0.24313725 0.39215686 0.58823529
v 16.11000000 1.65000000 -23.56947441 0.24313725 0.39215686 0.58823529
v 16.22000000 0.00000000 -23.54000000 0.24313725 0.39215686 0.58823529
v 16.22000000 1.65000000 -23.54000000 0.24313725 0.39215686 0.58823529
v 16.33000000 0.00000000 -23.56947441 0.24313725 0.39215686 0.58823529
v 16.33000000 1.65000000 -23.56947441 0.24313725 0.39215686 0.58823529
v 16.41052559 0.00000000 -23.65000000 0.24313725 0.39215686 0.58823529
v 16.41052559 1.65000000 -23.65000000 0.24313725 0.39215686 0.58823529
f 1322 1321 1325
f 1322 1325 1323
f 1323 1325 1326
f 1323 1326 1324
f 1325 1321 1327
f 1325 1327 1326
f 1326 1327 1328
f 1326 1328 1324
f 1327 1321 1329
f 1327 1329 1328
f 1328 1329 1330
f 1328 1330 1324
f 1329 1321 1331
f 1329 1331 1330
f 1330 1331 1332
f 1330 1332 1324
f 1331 1321 1333
f 1331 1333 1332
f 1332 1333 1334
f 1332 1334 1324
f 1333 1321 1335
f 1333 1335 1334
f 1334 1335 1336
f 1334 1336 1324
f 1335 1321 1337
f 1335 1337 1336
f 1336 1337 1338
f 1336 1338 1324
f 1337 1321 1339
f 1337 1339 1338
f 1338 1339 1340
f 1338 1340 1324
f 1339 1321 1341
f 1339 1341 1340
f 1340 1341 1342
f 1340 1342 1324
f 1341 1321 1343
f 1341 1343 1342
f 1342 1343 1344
f 1342 1344 1324
f 1343 1321 1345
f 1343 1345 1344
f 1344 1345 1346
f 1344 1346 1324
f 1345 1321 1322
f 1345 1322 1346
f 1346 1322 1323
f 1346 1323 1324

o ALT1_OP02
v 15.10000000 0.00000000 -44.57000000 0.24313725 0.39215686 0.58823529
v 15.32000000 0.00000000 -44.57000000 0.24313725 0.39215686 0.58823529
v 15.32000000 1.65000000 -44.57000000 0.24313725 0.39215686 0.58823529
v 15.10000000 1.65000000 -44.57000000 0.24313725 0.39215686 0.58823529
v 15.29052559 0.00000000 -44.68000000 0.24313725 0.39215686 0.58823529
v 15.29052559 1.65000000 -44.68000000 0.24313725 0.39215686 0.58823529
v 15.21000000 0.00000000 -44.76052559 0.24313725 0.39215686 0.58823529
v 15.21000000 1.65000000 -44.76052559 0.24313725 0.39215686 0.58823529
v 15.10000000 0.00000000 -44.79000000 0.24313725 0.39215686 0.58823529
v 15.10000000 1.65000000 -44.79000000 0.24313725 0.39215686 0.58823529
v 14.99000000 0.00000000 -44.76052559 0.24313725 0.39215686 0.58823529
v 14.99000000 1.65000000 -44.76052559 0.24313725 0.39215686 0.58823529
v 14.90947441 0.00000000 -44.68000000 0.24313725 0.39215686 0.58823529
v 14.90947441 1.65000000 -44.68000000 0.24313725 0.39215686 0.58823529
v 14.88000000 0.00000000 -44.57000000 0.24313725 0.39215686 0.58823529
v 14.88000000 1.65000000 -44.57000000 0.24313725 0.39215686 0.58823529
v 14.90947441 0.00000000 -44.46000000 0.24313725 0.39215686 0.58823529
v 14.90947441 1.65000000 -44.46000000 0.24313725 0.39215686 0.58823529
v 14.99000000 0.00000000 -44.37947441 0.24313725 0.39215686 0.58823529
v 14.99000000 1.65000000 -44.37947441 0.24313725 0.39215686 0.58823529
v 15.10000000 0.00000000 -44.35000000 0.24313725 0.39215686 0.58823529
v 15.10000000 1.65000000 -44.35000000 0.24313725 0.39215686 0.58823529
v 15.21000000 0.00000000 -44.37947441 0.24313725 0.39215686 0.58823529
v 15.21000000 1.65000000 -44.37947441 0.24313725 0.39215686 0.58823529
v 15.29052559 0.00000000 -44.46000000 0.24313725 0.39215686 0.58823529
v 15.29052559 1.65000000 -44.46000000 0.24313725 0.39215686 0.58823529
f 1348 1347 1351
f 1348 1351 1349
f 1349 1351 1352
f 1349 1352 1350
f 1351 1347 1353
f 1351 1353 1352
f 1352 1353 1354
f 1352 1354 1350
f 1353 1347 1355
f 1353 1355 1354
f 1354 1355 1356
f 1354 1356 1350
f 1355 1347 1357
f 1355 1357 1356
f 1356 1357 1358
f 1356 1358 1350
f 1357 1347 1359
f 1357 1359 1358
f 1358 1359 1360
f 1358 1360 1350
f 1359 1347 1361
f 1359 1361 1360
f 1360 1361 1362
f 1360 1362 1350
f 1361 1347 1363
f 1361 1363 1362
f 1362 1363 1364
f 1362 1364 1350
f 1363 1347 1365
f 1363 1365 1364
f 1364 1365 1366
f 1364 1366 1350
f 1365 1347 1367
f 1365 1367 1366
f 1366 1367 1368
f 1366 1368 1350
f 1367 1347 1369
f 1367 1369 1368
f 1368 1369 1370
f 1368 1370 1350
f 1369 1347 1371
f 1369 1371 1370
f 1370 1371 1372
f 1370 1372 1350
f 1371 1347 1348
f 1371 1348 1372
f 1372 1348 1349
f 1372 1349 1350

o ALT1_OP03
v 15.10000000 0.00000000 -39.57000000 0.24313725 0.39215686 0.58823529
v 15.32000000 0.00000000 -39.57000000 0.24313725 0.39215686 0.58823529
v 15.32000000 1.65000000 -39.57000000 0.24313725 0.39215686 0.58823529
v 15.10000000 1.65000000 -39.57000000 0.24313725 0.39215686 0.58823529
v 15.29052559 0.00000000 -39.68000000 0.24313725 0.39215686 0.58823529
v 15.29052559 1.65000000 -39.68000000 0.24313725 0.39215686 0.58823529
v 15.21000000 0.00000000 -39.76052559 0.24313725 0.39215686 0.58823529
v 15.21000000 1.65000000 -39.76052559 0.24313725 0.39215686 0.58823529
v 15.10000000 0.00000000 -39.79000000 0.24313725 0.39215686 0.58823529
v 15.10000000 1.65000000 -39.79000000 0.24313725 0.39215686 0.58823529
v 14.99000000 0.00000000 -39.76052559 0.24313725 0.39215686 0.58823529
v 14.99000000 1.65000000 -39.76052559 0.24313725 0.39215686 0.58823529
v 14.90947441 0.00000000 -39.68000000 0.24313725 0.39215686 0.58823529
v 14.90947441 1.65000000 -39.68000000 0.24313725 0.39215686 0.58823529
v 14.88000000 0.00000000 -39.57000000 0.24313725 0.39215686 0.58823529
v 14.88000000 1.65000000 -39.57000000 0.24313725 0.39215686 0.58823529
v 14.90947441 0.00000000 -39.46000000 0.24313725 0.39215686 0.58823529
v 14.90947441 1.65000000 -39.46000000 0.24313725 0.39215686 0.58823529
v 14.99000000 0.00000000 -39.37947441 0.24313725 0.39215686 0.58823529
v 14.99000000 1.65000000 -39.37947441 0.24313725 0.39215686 0.58823529
v 15.10000000 0.00000000 -39.35000000 0.24313725 0.39215686 0.58823529
v 15.10000000 1.65000000 -39.35000000 0.24313725 0.39215686 0.58823529
v 15.21000000 0.00000000 -39.37947441 0.24313725 0.39215686 0.58823529
v 15.21000000 1.65000000 -39.37947441 0.24313725 0.39215686 0.58823529
v 15.29052559 0.00000000 -39.46000000 0.24313725 0.39215686 0.58823529
v 15.29052559 1.65000000 -39.46000000 0.24313725 0.39215686 0.58823529
f 1374 1373 1377
f 1374 1377 1375
f 1375 1377 1378
f 1375 1378 1376
f 1377 1373 1379
f 1377 1379 1378
f 1378 1379 1380
f 1378 1380 1376
f 1379 1373 1381
f 1379 1381 1380
f 1380 1381 1382
f 1380 1382 1376
f 1381 1373 1383
f 1381 1383 1382
f 1382 1383 1384
f 1382 1384 1376
f 1383 1373 1385
f 1383 1385 1384
f 1384 1385 1386
f 1384 1386 1376
f 1385 1373 1387
f 1385 1387 1386
f 1386 1387 1388
f 1386 1388 1376
f 1387 1373 1389
f 1387 1389 1388
f 1388 1389 1390
f 1388 1390 1376
f 1389 1373 1391
f 1389 1391 1390
f 1390 1391 1392
f 1390 1392 1376
f 1391 1373 1393
f 1391 1393 1392
f 1392 1393 1394
f 1392 1394 1376
f 1393 1373 1395
f 1393 1395 1394
f 1394 1395 1396
f 1394 1396 1376
f 1395 1373 1397
f 1395 1397 1396
f 1396 1397 1398
f 1396 1398 1376
f 1397 1373 1374
f 1397 1374 1398
f 1398 1374 1375
f 1398 1375 1376

o ALT1_OP04
v 15.10000000 0.00000000 -49.57000000 0.24313725 0.39215686 0.58823529
v 15.32000000 0.00000000 -49.57000000 0.24313725 0.39215686 0.58823529
v 15.32000000 1.65000000 -49.57000000 0.24313725 0.39215686 0.58823529
v 15.10000000 1.65000000 -49.57000000 0.24313725 0.39215686 0.58823529
v 15.29052559 0.00000000 -49.68000000 0.24313725 0.39215686 0.58823529
v 15.29052559 1.65000000 -49.68000000 0.24313725 0.39215686 0.58823529
v 15.21000000 0.00000000 -49.76052559 0.24313725 0.39215686 0.58823529
v 15.21000000 1.65000000 -49.76052559 0.24313725 0.39215686 0.58823529
v 15.10000000 0.00000000 -49.79000000 0.24313725 0.39215686 0.58823529
v 15.10000000 1.65000000 -49.79000000 0.24313725 0.39215686 0.58823529
v 14.99000000 0.00000000 -49.76052559 0.24313725 0.39215686 0.58823529
v 14.99000000 1.65000000 -49.76052559 0.24313725 0.39215686 0.58823529
v 14.90947441 0.00000000 -49.68000000 0.24313725 0.39215686 0.58823529
v 14.90947441 1.65000000 -49.68000000 0.24313725 0.39215686 0.58823529
v 14.88000000 0.00000000 -49.57000000 0.24313725 0.39215686 0.58823529
v 14.88000000 1.65000000 -49.57000000 0.24313725 0.39215686 0.58823529
v 14.90947441 0.00000000 -49.46000000 0.24313725 0.39215686 0.58823529
v 14.90947441 1.65000000 -49.46000000 0.24313725 0.39215686 0.58823529
v 14.99000000 0.00000000 -49.37947441 0.24313725 0.39215686 0.58823529
v 14.99000000 1.65000000 -49.37947441 0.24313725 0.39215686 0.58823529
v 15.10000000 0.00000000 -49.35000000 0.24313725 0.39215686 0.58823529
v 15.10000000 1.65000000 -49.35000000 0.24313725 0.39215686 0.58823529
v 15.21000000 0.00000000 -49.37947441 0.24313725 0.39215686 0.58823529
v 15.21000000 1.65000000 -49.37947441 0.24313725 0.39215686 0.58823529
v 15.29052559 0.00000000 -49.46000000 0.24313725 0.39215686 0.58823529
v 15.29052559 1.65000000 -49.46000000 0.24313725 0.39215686 0.58823529
f 1400 1399 1403
f 1400 1403 1401
f 1401 1403 1404
f 1401 1404 1402
f 1403 1399 1405
f 1403 1405 1404
f 1404 1405 1406
f 1404 1406 1402
f 1405 1399 1407
f 1405 1407 1406
f 1406 1407 1408
f 1406 1408 1402
f 1407 1399 1409
f 1407 1409 1408
f 1408 1409 1410
f 1408 1410 1402
f 1409 1399 1411
f 1409 1411 1410
f 1410 1411 1412
f 1410 1412 1402
f 1411 1399 1413
f 1411 1413 1412
f 1412 1413 1414
f 1412 1414 1402
f 1413 1399 1415
f 1413 1415 1414
f 1414 1415 1416
f 1414 1416 1402
f 1415 1399 1417
f 1415 1417 1416
f 1416 1417 1418
f 1416 1418 1402
f 1417 1399 1419
f 1417 1419 1418
f 1418 1419 1420
f 1418 1420 1402
f 1419 1399 1421
f 1419 1421 1420
f 1420 1421 1422
f 1420 1422 1402
f 1421 1399 1423
f 1421 1423 1422
f 1422 1423 1424
f 1422 1424 1402
f 1423 1399 1400
f 1423 1400 1424
f 1424 1400 1401
f 1424 1401 1402

o ALT1_OP05
v 15.10000000 0.00000000 -61.92000000 0.24313725 0.39215686 0.58823529
v 15.32000000 0.00000000 -61.92000000 0.24313725 0.39215686 0.58823529
v 15.32000000 1.65000000 -61.92000000 0.24313725 0.39215686 0.58823529
v 15.10000000 1.65000000 -61.92000000 0.24313725 0.39215686 0.58823529
v 15.29052559 0.00000000 -62.03000000 0.24313725 0.39215686 0.58823529
v 15.29052559 1.65000000 -62.03000000 0.24313725 0.39215686 0.58823529
v 15.21000000 0.00000000 -62.11052559 0.24313725 0.39215686 0.58823529
v 15.21000000 1.65000000 -62.11052559 0.24313725 0.39215686 0.58823529
v 15.10000000 0.00000000 -62.14000000 0.24313725 0.39215686 0.58823529
v 15.10000000 1.65000000 -62.14000000 0.24313725 0.39215686 0.58823529
v 14.99000000 0.00000000 -62.11052559 0.24313725 0.39215686 0.58823529
v 14.99000000 1.65000000 -62.11052559 0.24313725 0.39215686 0.58823529
v 14.90947441 0.00000000 -62.03000000 0.24313725 0.39215686 0.58823529
v 14.90947441 1.65000000 -62.03000000 0.24313725 0.39215686 0.58823529
v 14.88000000 0.00000000 -61.92000000 0.24313725 0.39215686 0.58823529
v 14.88000000 1.65000000 -61.92000000 0.24313725 0.39215686 0.58823529
v 14.90947441 0.00000000 -61.81000000 0.24313725 0.39215686 0.58823529
v 14.90947441 1.65000000 -61.81000000 0.24313725 0.39215686 0.58823529
v 14.99000000 0.00000000 -61.72947441 0.24313725 0.39215686 0.58823529
v 14.99000000 1.65000000 -61.72947441 0.24313725 0.39215686 0.58823529
v 15.10000000 0.00000000 -61.70000000 0.24313725 0.39215686 0.58823529
v 15.10000000 1.65000000 -61.70000000 0.24313725 0.39215686 0.58823529
v 15.21000000 0.00000000 -61.72947441 0.24313725 0.39215686 0.58823529
v 15.21000000 1.65000000 -61.72947441 0.24313725 0.39215686 0.58823529
v 15.29052559 0.00000000 -61.81000000 0.24313725 0.39215686 0.58823529
v 15.29052559 1.65000000 -61.81000000 0.24313725 0.39215686 0.58823529
f 1426 1425 1429
f 1426 1429 1427
f 1427 1429 1430
f 1427 1430 1428
f 1429 1425 1431
f 1429 1431 1430
f 1430 1431 1432
f 1430 1432 1428
f 1431 1425 1433
f 1431 1433 1432
f 1432 1433 1434
f 1432 1434 1428
f 1433 1425 1435
f 1433 1435 1434
f 1434 1435 1436
f 1434 1436 1428
f 1435 1425 1437
f 1435 1437 1436
f 1436 1437 1438
f 1436 1438 1428
f 1437 1425 1439
f 1437 1439 1438
f 1438 1439 1440
f 1438 1440 1428
f 1439 1425 1441
f 1439 1441 1440
f 1440 1441 1442
f 1440 1442 1428
f 1441 1425 1443
f 1441 1443 1442
f 1442 1443 1444
f 1442 1444 1428
f 1443 1425 1445
f 1443 1445 1444
f 1444 1445 1446
f 1444 1446 1428
f 1445 1425 1447
f 1445 1447 1446
f 1446 1447 1448
f 1446 1448 1428
f 1447 1425 1449
f 1447 1449 1448
f 1448 1449 1450
f 1448 1450 1428
f 1449 1425 1426
f 1449 1426 1450
f 1450 1426 1427
f 1450 1427 1428

o ALT1_OP06
v 5.20000000 0.00000000 -27.28000000 0.24313725 0.39215686 0.58823529
v 5.42000000 0.00000000 -27.28000000 0.24313725 0.39215686 0.58823529
v 5.42000000 1.65000000 -27.28000000 0.24313725 0.39215686 0.58823529
v 5.20000000 1.65000000 -27.28000000 0.24313725 0.39215686 0.58823529
v 5.39052559 0.00000000 -27.39000000 0.24313725 0.39215686 0.58823529
v 5.39052559 1.65000000 -27.39000000 0.24313725 0.39215686 0.58823529
v 5.31000000 0.00000000 -27.47052559 0.24313725 0.39215686 0.58823529
v 5.31000000 1.65000000 -27.47052559 0.24313725 0.39215686 0.58823529
v 5.20000000 0.00000000 -27.50000000 0.24313725 0.39215686 0.58823529
v 5.20000000 1.65000000 -27.50000000 0.24313725 0.39215686 0.58823529
v 5.09000000 0.00000000 -27.47052559 0.24313725 0.39215686 0.58823529
v 5.09000000 1.65000000 -27.47052559 0.24313725 0.39215686 0.58823529
v 5.00947441 0.00000000 -27.39000000 0.24313725 0.39215686 0.58823529
v 5.00947441 1.65000000 -27.39000000 0.24313725 0.39215686 0.58823529
v 4.98000000 0.00000000 -27.28000000 0.24313725 0.39215686 0.58823529
v 4.98000000 1.65000000 -27.28000000 0.24313725 0.39215686 0.58823529
v 5.00947441 0.00000000 -27.17000000 0.24313725 0.39215686 0.58823529
v 5.00947441 1.65000000 -27.17000000 0.24313725 0.39215686 0.58823529
v 5.09000000 0.00000000 -27.08947441 0.24313725 0.39215686 0.58823529
v 5.09000000 1.65000000 -27.08947441 0.24313725 0.39215686 0.58823529
v 5.20000000 0.00000000 -27.06000000 0.24313725 0.39215686 0.58823529
v 5.20000000 1.65000000 -27.06000000 0.24313725 0.39215686 0.58823529
v 5.31000000 0.00000000 -27.08947441 0.24313725 0.39215686 0.58823529
v 5.31000000 1.65000000 -27.08947441 0.24313725 0.39215686 0.58823529
v 5.39052559 0.00000000 -27.17000000 0.24313725 0.39215686 0.58823529
v 5.39052559 1.65000000 -27.17000000 0.24313725 0.39215686 0.58823529
f 1452 1451 1455
f 1452 1455 1453
f 1453 1455 1456
f 1453 1456 1454
f 1455 1451 1457
f 1455 1457 1456
f 1456 1457 1458
f 1456 1458 1454
f 1457 1451 1459
f 1457 1459 1458
f 1458 1459 1460
f 1458 1460 1454
f 1459 1451 1461
f 1459 1461 1460
f 1460 1461 1462
f 1460 1462 1454
f 1461 1451 1463
f 1461 1463 1462
f 1462 1463 1464
f 1462 1464 1454
f 1463 1451 1465
f 1463 1465 1464
f 1464 1465 1466
f 1464 1466 1454
f 1465 1451 1467
f 1465 1467 1466
f 1466 1467 1468
f 1466 1468 1454
f 1467 1451 1469
f 1467 1469 1468
f 1468 1469 1470
f 1468 1470 1454
f 1469 1451 1471
f 1469 1471 1470
f 1470 1471 1472
f 1470 1472 1454
f 1471 1451 1473
f 1471 1473 1472
f 1472 1473 1474
f 1472 1474 1454
f 1473 1451 1475
f 1473 1475 1474
f 1474 1475 1476
f 1474 1476 1454
f 1475 1451 1452
f 1475 1452 1476
f 1476 1452 1453
f 1476 1453 1454

o ALT1_OP07
v 5.01000000 0.00000000 -62.80000000 0.24313725 0.39215686 0.58823529
v 5.23000000 0.00000000 -62.80000000 0.24313725 0.39215686 0.58823529
v 5.23000000 1.65000000 -62.80000000 0.24313725 0.39215686 0.58823529
v 5.01000000 1.65000000 -62.80000000 0.24313725 0.39215686 0.58823529
v 5.20052559 0.00000000 -62.91000000 0.24313725 0.39215686 0.58823529
v 5.20052559 1.65000000 -62.91000000 0.24313725 0.39215686 0.58823529
v 5.12000000 0.00000000 -62.99052559 0.24313725 0.39215686 0.58823529
v 5.12000000 1.65000000 -62.99052559 0.24313725 0.39215686 0.58823529
v 5.01000000 0.00000000 -63.02000000 0.24313725 0.39215686 0.58823529
v 5.01000000 1.65000000 -63.02000000 0.24313725 0.39215686 0.58823529
v 4.90000000 0.00000000 -62.99052559 0.24313725 0.39215686 0.58823529
v 4.90000000 1.65000000 -62.99052559 0.24313725 0.39215686 0.58823529
v 4.81947441 0.00000000 -62.91000000 0.24313725 0.39215686 0.58823529
v 4.81947441 1.65000000 -62.91000000 0.24313725 0.39215686 0.58823529
v 4.79000000 0.00000000 -62.80000000 0.24313725 0.39215686 0.58823529
v 4.79000000 1.65000000 -62.80000000 0.24313725 0.39215686 0.58823529
v 4.81947441 0.00000000 -62.69000000 0.24313725 0.39215686 0.58823529
v 4.81947441 1.65000000 -62.69000000 0.24313725 0.39215686 0.58823529
v 4.90000000 0.00000000 -62.60947441 0.24313725 0.39215686 0.58823529
v 4.90000000 1.65000000 -62.60947441 0.24313725 0.39215686 0.58823529
v 5.01000000 0.00000000 -62.58000000 0.24313725 0.39215686 0.58823529
v 5.01000000 1.65000000 -62.58000000 0.24313725 0.39215686 0.58823529
v 5.12000000 0.00000000 -62.60947441 0.24313725 0.39215686 0.58823529
v 5.12000000 1.65000000 -62.60947441 0.24313725 0.39215686 0.58823529
v 5.20052559 0.00000000 -62.69000000 0.24313725 0.39215686 0.58823529
v 5.20052559 1.65000000 -62.69000000 0.24313725 0.39215686 0.58823529
f 1478 1477 1481
f 1478 1481 1479
f 1479 1481 1482
f 1479 1482 1480
f 1481 1477 1483
f 1481 1483 1482
f 1482 1483 1484
f 1482 1484 1480
f 1483 1477 1485
f 1483 1485 1484
f 1484 1485 1486
f 1484 1486 1480
f 1485 1477 1487
f 1485 1487 1486
f 1486 1487 1488
f 1486 1488 1480
f 1487 1477 1489
f 1487 1489 1488
f 1488 1489 1490
f 1488 1490 1480
f 1489 1477 1491
f 1489 1491 1490
f 1490 1491 1492
f 1490 1492 1480
f 1491 1477 1493
f 1491 1493 1492
f 1492 1493 1494
f 1492 1494 1480
f 1493 1477 1495
f 1493 1495 1494
f 1494 1495 1496
f 1494 1496 1480
f 1495 1477 1497
f 1495 1497 1496
f 1496 1497 1498
f 1496 1498 1480
f 1497 1477 1499
f 1497 1499 1498
f 1498 1499 1500
f 1498 1500 1480
f 1499 1477 1501
f 1499 1501 1500
f 1500 1501 1502
f 1500 1502 1480
f 1501 1477 1478
f 1501 1478 1502
f 1502 1478 1479
f 1502 1479 1480

o ALT1_OP08
v 9.23000000 0.00000000 -25.03000000 0.24313725 0.39215686 0.58823529
v 9.45000000 0.00000000 -25.03000000 0.24313725 0.39215686 0.58823529
v 9.45000000 1.65000000 -25.03000000 0.24313725 0.39215686 0.58823529
v 9.23000000 1.65000000 -25.03000000 0.24313725 0.39215686 0.58823529
v 9.42052559 0.00000000 -25.14000000 0.24313725 0.39215686 0.58823529
v 9.42052559 1.65000000 -25.14000000 0.24313725 0.39215686 0.58823529
v 9.34000000 0.00000000 -25.22052559 0.24313725 0.39215686 0.58823529
v 9.34000000 1.65000000 -25.22052559 0.24313725 0.39215686 0.58823529
v 9.23000000 0.00000000 -25.25000000 0.24313725 0.39215686 0.58823529
v 9.23000000 1.65000000 -25.25000000 0.24313725 0.39215686 0.58823529
v 9.12000000 0.00000000 -25.22052559 0.24313725 0.39215686 0.58823529
v 9.12000000 1.65000000 -25.22052559 0.24313725 0.39215686 0.58823529
v 9.03947441 0.00000000 -25.14000000 0.24313725 0.39215686 0.58823529
v 9.03947441 1.65000000 -25.14000000 0.24313725 0.39215686 0.58823529
v 9.01000000 0.00000000 -25.03000000 0.24313725 0.39215686 0.58823529
v 9.01000000 1.65000000 -25.03000000 0.24313725 0.39215686 0.58823529
v 9.03947441 0.00000000 -24.92000000 0.24313725 0.39215686 0.58823529
v 9.03947441 1.65000000 -24.92000000 0.24313725 0.39215686 0.58823529
v 9.12000000 0.00000000 -24.83947441 0.24313725 0.39215686 0.58823529
v 9.12000000 1.65000000 -24.83947441 0.24313725 0.39215686 0.58823529
v 9.23000000 0.00000000 -24.81000000 0.24313725 0.39215686 0.58823529
v 9.23000000 1.65000000 -24.81000000 0.24313725 0.39215686 0.58823529
v 9.34000000 0.00000000 -24.83947441 0.24313725 0.39215686 0.58823529
v 9.34000000 1.65000000 -24.83947441 0.24313725 0.39215686 0.58823529
v 9.42052559 0.00000000 -24.92000000 0.24313725 0.39215686 0.58823529
v 9.42052559 1.65000000 -24.92000000 0.24313725 0.39215686 0.58823529
f 1504 1503 1507
f 1504 1507 1505
f 1505 1507 1508
f 1505 1508 1506
f 1507 1503 1509
f 1507 1509 1508
f 1508 1509 1510
f 1508 1510 1506
f 1509 1503 1511
f 1509 1511 1510
f 1510 1511 1512
f 1510 1512 1506
f 1511 1503 1513
f 1511 1513 1512
f 1512 1513 1514
f 1512 1514 1506
f 1513 1503 1515
f 1513 1515 1514
f 1514 1515 1516
f 1514 1516 1506
f 1515 1503 1517
f 1515 1517 1516
f 1516 1517 1518
f 1516 1518 1506
f 1517 1503 1519
f 1517 1519 1518
f 1518 1519 1520
f 1518 1520 1506
f 1519 1503 1521
f 1519 1521 1520
f 1520 1521 1522
f 1520 1522 1506
f 1521 1503 1523
f 1521 1523 1522
f 1522 1523 1524
f 1522 1524 1506
f 1523 1503 1525
f 1523 1525 1524
f 1524 1525 1526
f 1524 1526 1506
f 1525 1503 1527
f 1525 1527 1526
f 1526 1527 1528
f 1526 1528 1506
f 1527 1503 1504
f 1527 1504 1528
f 1528 1504 1505
f 1528 1505 1506

o ALT1_OP09
v 9.23000000 0.00000000 -43.16000000 0.24313725 0.39215686 0.58823529
v 9.45000000 0.00000000 -43.16000000 0.24313725 0.39215686 0.58823529
v 9.45000000 1.65000000 -43.16000000 0.24313725 0.39215686 0.58823529
v 9.23000000 1.65000000 -43.16000000 0.24313725 0.39215686 0.58823529
v 9.42052559 0.00000000 -43.27000000 0.24313725 0.39215686 0.58823529
v 9.42052559 1.65000000 -43.27000000 0.24313725 0.39215686 0.58823529
v 9.34000000 0.00000000 -43.35052559 0.24313725 0.39215686 0.58823529
v 9.34000000 1.65000000 -43.35052559 0.24313725 0.39215686 0.58823529
v 9.23000000 0.00000000 -43.38000000 0.24313725 0.39215686 0.58823529
v 9.23000000 1.65000000 -43.38000000 0.24313725 0.39215686 0.58823529
v 9.12000000 0.00000000 -43.35052559 0.24313725 0.39215686 0.58823529
v 9.12000000 1.65000000 -43.35052559 0.24313725 0.39215686 0.58823529
v 9.03947441 0.00000000 -43.27000000 0.24313725 0.39215686 0.58823529
v 9.03947441 1.65000000 -43.27000000 0.24313725 0.39215686 0.58823529
v 9.01000000 0.00000000 -43.16000000 0.24313725 0.39215686 0.58823529
v 9.01000000 1.65000000 -43.16000000 0.24313725 0.39215686 0.58823529
v 9.03947441 0.00000000 -43.05000000 0.24313725 0.39215686 0.58823529
v 9.03947441 1.65000000 -43.05000000 0.24313725 0.39215686 0.58823529
v 9.12000000 0.00000000 -42.96947441 0.24313725 0.39215686 0.58823529
v 9.12000000 1.65000000 -42.96947441 0.24313725 0.39215686 0.58823529
v 9.23000000 0.00000000 -42.94000000 0.24313725 0.39215686 0.58823529
v 9.23000000 1.65000000 -42.94000000 0.24313725 0.39215686 0.58823529
v 9.34000000 0.00000000 -42.96947441 0.24313725 0.39215686 0.58823529
v 9.34000000 1.65000000 -42.96947441 0.24313725 0.39215686 0.58823529
v 9.42052559 0.00000000 -43.05000000 0.24313725 0.39215686 0.58823529
v 9.42052559 1.65000000 -43.05000000 0.24313725 0.39215686 0.58823529
f 1530 1529 1533
f 1530 1533 1531
f 1531 1533 1534
f 1531 1534 1532
f 1533 1529 1535
f 1533 1535 1534
f 1534 1535 1536
f 1534 1536 1532
f 1535 1529 1537
f 1535 1537 1536
f 1536 1537 1538
f 1536 1538 1532
f 1537 1529 1539
f 1537 1539 1538
f 1538 1539 1540
f 1538 1540 1532
f 1539 1529 1541
f 1539 1541 1540
f 1540 1541 1542
f 1540 1542 1532
f 1541 1529 1543
f 1541 1543 1542
f 1542 1543 1544
f 1542 1544 1532
f 1543 1529 1545
f 1543 1545 1544
f 1544 1545 1546
f 1544 1546 1532
f 1545 1529 1547
f 1545 1547 1546
f 1546 1547 1548
f 1546 1548 1532
f 1547 1529 1549
f 1547 1549 1548
f 1548 1549 1550
f 1548 1550 1532
f 1549 1529 1551
f 1549 1551 1550
f 1550 1551 1552
f 1550 1552 1532
f 1551 1529 1553
f 1551 1553 1552
f 1552 1553 1554
f 1552 1554 1532
f 1553 1529 1530
f 1553 1530 1554
f 1554 1530 1531
f 1554 1531 1532

o ALT1_OP10
v 9.23000000 0.00000000 -53.06000000 0.24313725 0.39215686 0.58823529
v 9.45000000 0.00000000 -53.06000000 0.24313725 0.39215686 0.58823529
v 9.45000000 1.65000000 -53.06000000 0.24313725 0.39215686 0.58823529
v 9.23000000 1.65000000 -53.06000000 0.24313725 0.39215686 0.58823529
v 9.42052559 0.00000000 -53.17000000 0.24313725 0.39215686 0.58823529
v 9.42052559 1.65000000 -53.17000000 0.24313725 0.39215686 0.58823529
v 9.34000000 0.00000000 -53.25052559 0.24313725 0.39215686 0.58823529
v 9.34000000 1.65000000 -53.25052559 0.24313725 0.39215686 0.58823529
v 9.23000000 0.00000000 -53.28000000 0.24313725 0.39215686 0.58823529
v 9.23000000 1.65000000 -53.28000000 0.24313725 0.39215686 0.58823529
v 9.12000000 0.00000000 -53.25052559 0.24313725 0.39215686 0.58823529
v 9.12000000 1.65000000 -53.25052559 0.24313725 0.39215686 0.58823529
v 9.03947441 0.00000000 -53.17000000 0.24313725 0.39215686 0.58823529
v 9.03947441 1.65000000 -53.17000000 0.24313725 0.39215686 0.58823529
v 9.01000000 0.00000000 -53.06000000 0.24313725 0.39215686 0.58823529
v 9.01000000 1.65000000 -53.06000000 0.24313725 0.39215686 0.58823529
v 9.03947441 0.00000000 -52.95000000 0.24313725 0.39215686 0.58823529
v 9.03947441 1.65000000 -52.95000000 0.24313725 0.39215686 0.58823529
v 9.12000000 0.00000000 -52.86947441 0.24313725 0.39215686 0.58823529
v 9.12000000 1.65000000 -52.86947441 0.24313725 0.39215686 0.58823529
v 9.23000000 0.00000000 -52.84000000 0.24313725 0.39215686 0.58823529
v 9.23000000 1.65000000 -52.84000000 0.24313725 0.39215686 0.58823529
v 9.34000000 0.00000000 -52.86947441 0.24313725 0.39215686 0.58823529
v 9.34000000 1.65000000 -52.86947441 0.24313725 0.39215686 0.58823529
v 9.42052559 0.00000000 -52.95000000 0.24313725 0.39215686 0.58823529
v 9.42052559 1.65000000 -52.95000000 0.24313725 0.39215686 0.58823529
f 1556 1555 1559
f 1556 1559 1557
f 1557 1559 1560
f 1557 1560 1558
f 1559 1555 1561
f 1559 1561 1560
f 1560 1561 1562
f 1560 1562 1558
f 1561 1555 1563
f 1561 1563 1562
f 1562 1563 1564
f 1562 1564 1558
f 1563 1555 1565
f 1563 1565 1564
f 1564 1565 1566
f 1564 1566 1558
f 1565 1555 1567
f 1565 1567 1566
f 1566 1567 1568
f 1566 1568 1558
f 1567 1555 1569
f 1567 1569 1568
f 1568 1569 1570
f 1568 1570 1558
f 1569 1555 1571
f 1569 1571 1570
f 1570 1571 1572
f 1570 1572 1558
f 1571 1555 1573
f 1571 1573 1572
f 1572 1573 1574
f 1572 1574 1558
f 1573 1555 1575
f 1573 1575 1574
f 1574 1575 1576
f 1574 1576 1558
f 1575 1555 1577
f 1575 1577 1576
f 1576 1577 1578
f 1576 1578 1558
f 1577 1555 1579
f 1577 1579 1578
f 1578 1579 1580
f 1578 1580 1558
f 1579 1555 1556
f 1579 1556 1580
f 1580 1556 1557
f 1580 1557 1558

o ALT1_OP11
v 9.23000000 0.00000000 -62.80000000 0.24313725 0.39215686 0.58823529
v 9.45000000 0.00000000 -62.80000000 0.24313725 0.39215686 0.58823529
v 9.45000000 1.65000000 -62.80000000 0.24313725 0.39215686 0.58823529
v 9.23000000 1.65000000 -62.80000000 0.24313725 0.39215686 0.58823529
v 9.42052559 0.00000000 -62.91000000 0.24313725 0.39215686 0.58823529
v 9.42052559 1.65000000 -62.91000000 0.24313725 0.39215686 0.58823529
v 9.34000000 0.00000000 -62.99052559 0.24313725 0.39215686 0.58823529
v 9.34000000 1.65000000 -62.99052559 0.24313725 0.39215686 0.58823529
v 9.23000000 0.00000000 -63.02000000 0.24313725 0.39215686 0.58823529
v 9.23000000 1.65000000 -63.02000000 0.24313725 0.39215686 0.58823529
v 9.12000000 0.00000000 -62.99052559 0.24313725 0.39215686 0.58823529
v 9.12000000 1.65000000 -62.99052559 0.24313725 0.39215686 0.58823529
v 9.03947441 0.00000000 -62.91000000 0.24313725 0.39215686 0.58823529
v 9.03947441 1.65000000 -62.91000000 0.24313725 0.39215686 0.58823529
v 9.01000000 0.00000000 -62.80000000 0.24313725 0.39215686 0.58823529
v 9.01000000 1.65000000 -62.80000000 0.24313725 0.39215686 0.58823529
v 9.03947441 0.00000000 -62.69000000 0.24313725 0.39215686 0.58823529
v 9.03947441 1.65000000 -62.69000000 0.24313725 0.39215686 0.58823529
v 9.12000000 0.00000000 -62.60947441 0.24313725 0.39215686 0.58823529
v 9.12000000 1.65000000 -62.60947441 0.24313725 0.39215686 0.58823529
v 9.23000000 0.00000000 -62.58000000 0.24313725 0.39215686 0.58823529
v 9.23000000 1.65000000 -62.58000000 0.24313725 0.39215686 0.58823529
v 9.34000000 0.00000000 -62.60947441 0.24313725 0.39215686 0.58823529
v 9.34000000 1.65000000 -62.60947441 0.24313725 0.39215686 0.58823529
v 9.42052559 0.00000000 -62.69000000 0.24313725 0.39215686 0.58823529
v 9.42052559 1.65000000 -62.69000000 0.24313725 0.39215686 0.58823529
f 1582 1581 1585
f 1582 1585 1583
f 1583 1585 1586
f 1583 1586 1584
f 1585 1581 1587
f 1585 1587 1586
f 1586 1587 1588
f 1586 1588 1584
f 1587 1581 1589
f 1587 1589 1588
f 1588 1589 1590
f 1588 1590 1584
f 1589 1581 1591
f 1589 1591 1590
f 1590 1591 1592
f 1590 1592 1584
f 1591 1581 1593
f 1591 1593 1592
f 1592 1593 1594
f 1592 1594 1584
f 1593 1581 1595
f 1593 1595 1594
f 1594 1595 1596
f 1594 1596 1584
f 1595 1581 1597
f 1595 1597 1596
f 1596 1597 1598
f 1596 1598 1584
f 1597 1581 1599
f 1597 1599 1598
f 1598 1599 1600
f 1598 1600 1584
f 1599 1581 1601
f 1599 1601 1600
f 1600 1601 1602
f 1600 1602 1584
f 1601 1581 1603
f 1601 1603 1602
f 1602 1603 1604
f 1602 1604 1584
f 1603 1581 1605
f 1603 1605 1604
f 1604 1605 1606
f 1604 1606 1584
f 1605 1581 1582
f 1605 1582 1606
f 1606 1582 1583
f 1606 1583 1584

o ALT1_OP12
v -37.60000000 0.00000000 -60.77000000 0.24313725 0.39215686 0.58823529
v -37.38000000 0.00000000 -60.77000000 0.24313725 0.39215686 0.58823529
v -37.38000000 1.65000000 -60.77000000 0.24313725 0.39215686 0.58823529
v -37.60000000 1.65000000 -60.77000000 0.24313725 0.39215686 0.58823529
v -37.40947441 0.00000000 -60.88000000 0.24313725 0.39215686 0.58823529
v -37.40947441 1.65000000 -60.88000000 0.24313725 0.39215686 0.58823529
v -37.49000000 0.00000000 -60.96052559 0.24313725 0.39215686 0.58823529
v -37.49000000 1.65000000 -60.96052559 0.24313725 0.39215686 0.58823529
v -37.60000000 0.00000000 -60.99000000 0.24313725 0.39215686 0.58823529
v -37.60000000 1.65000000 -60.99000000 0.24313725 0.39215686 0.58823529
v -37.71000000 0.00000000 -60.96052559 0.24313725 0.39215686 0.58823529
v -37.71000000 1.65000000 -60.96052559 0.24313725 0.39215686 0.58823529
v -37.79052559 0.00000000 -60.88000000 0.24313725 0.39215686 0.58823529
v -37.79052559 1.65000000 -60.88000000 0.24313725 0.39215686 0.58823529
v -37.82000000 0.00000000 -60.77000000 0.24313725 0.39215686 0.58823529
v -37.82000000 1.65000000 -60.77000000 0.24313725 0.39215686 0.58823529
v -37.79052559 0.00000000 -60.66000000 0.24313725 0.39215686 0.58823529
v -37.79052559 1.65000000 -60.66000000 0.24313725 0.39215686 0.58823529
v -37.71000000 0.00000000 -60.57947441 0.24313725 0.39215686 0.58823529
v -37.71000000 1.65000000 -60.57947441 0.24313725 0.39215686 0.58823529
v -37.60000000 0.00000000 -60.55000000 0.24313725 0.39215686 0.58823529
v -37.60000000 1.65000000 -60.55000000 0.24313725 0.39215686 0.58823529
v -37.49000000 0.00000000 -60.57947441 0.24313725 0.39215686 0.58823529
v -37.49000000 1.65000000 -60.57947441 0.24313725 0.39215686 0.58823529
v -37.40947441 0.00000000 -60.66000000 0.24313725 0.39215686 0.58823529
v -37.40947441 1.65000000 -60.66000000 0.24313725 0.39215686 0.58823529
f 1608 1607 1611
f 1608 1611 1609
f 1609 1611 1612
f 1609 1612 1610
f 1611 1607 1613
f 1611 1613 1612
f 1612 1613 1614
f 1612 1614 1610
f 1613 1607 1615
f 1613 1615 1614
f 1614 1615 1616
f 1614 1616 1610
f 1615 1607 1617
f 1615 1617 1616
f 1616 1617 1618
f 1616 1618 1610
f 1617 1607 1619
f 1617 1619 1618
f 1618 1619 1620
f 1618 1620 1610
f 1619 1607 1621
f 1619 1621 1620
f 1620 1621 1622
f 1620 1622 1610
f 1621 1607 1623
f 1621 1623 1622
f 1622 1623 1624
f 1622 1624 1610
f 1623 1607 1625
f 1623 1625 1624
f 1624 1625 1626
f 1624 1626 1610
f 1625 1607 1627
f 1625 1627 1626
f 1626 1627 1628
f 1626 1628 1610
f 1627 1607 1629
f 1627 1629 1628
f 1628 1629 1630
f 1628 1630 1610
f 1629 1607 1631
f 1629 1631 1630
f 1630 1631 1632
f 1630 1632 1610
f 1631 1607 1608
f 1631 1608 1632
f 1632 1608 1609
f 1632 1609 1610

o ALT1_OP13
v -34.55000000 0.00000000 -41.01000000 0.24313725 0.39215686 0.58823529
v -34.33000000 0.00000000 -41.01000000 0.24313725 0.39215686 0.58823529
v -34.33000000 1.65000000 -41.01000000 0.24313725 0.39215686 0.58823529
v -34.55000000 1.65000000 -41.01000000 0.24313725 0.39215686 0.58823529
v -34.35947441 0.00000000 -41.12000000 0.24313725 0.39215686 0.58823529
v -34.35947441 1.65000000 -41.12000000 0.24313725 0.39215686 0.58823529
v -34.44000000 0.00000000 -41.20052559 0.24313725 0.39215686 0.58823529
v -34.44000000 1.65000000 -41.20052559 0.24313725 0.39215686 0.58823529
v -34.55000000 0.00000000 -41.23000000 0.24313725 0.39215686 0.58823529
v -34.55000000 1.65000000 -41.23000000 0.24313725 0.39215686 0.58823529
v -34.66000000 0.00000000 -41.20052559 0.24313725 0.39215686 0.58823529
v -34.66000000 1.65000000 -41.20052559 0.24313725 0.39215686 0.58823529
v -34.74052559 0.00000000 -41.12000000 0.24313725 0.39215686 0.58823529
v -34.74052559 1.65000000 -41.12000000 0.24313725 0.39215686 0.58823529
v -34.77000000 0.00000000 -41.01000000 0.24313725 0.39215686 0.58823529
v -34.77000000 1.65000000 -41.01000000 0.24313725 0.39215686 0.58823529
v -34.74052559 0.00000000 -40.90000000 0.24313725 0.39215686 0.58823529
v -34.74052559 1.65000000 -40.90000000 0.24313725 0.39215686 0.58823529
v -34.66000000 0.00000000 -40.81947441 0.24313725 0.39215686 0.58823529
v -34.66000000 1.65000000 -40.81947441 0.24313725 0.39215686 0.58823529
v -34.55000000 0.00000000 -40.79000000 0.24313725 0.39215686 0.58823529
v -34.55000000 1.65000000 -40.79000000 0.24313725 0.39215686 0.58823529
v -34.44000000 0.00000000 -40.81947441 0.24313725 0.39215686 0.58823529
v -34.44000000 1.65000000 -40.81947441 0.24313725 0.39215686 0.58823529
v -34.35947441 0.00000000 -40.90000000 0.24313725 0.39215686 0.58823529
v -34.35947441 1.65000000 -40.90000000 0.24313725 0.39215686 0.58823529
f 1634 1633 1637
f 1634 1637 1635
f 1635 1637 1638
f 1635 1638 1636
f 1637 1633 1639
f 1637 1639 1638
f 1638 1639 1640
f 1638 1640 1636
f 1639 1633 1641
f 1639 1641 1640
f 1640 1641 1642
f 1640 1642 1636
f 1641 1633 1643
f 1641 1643 1642
f 1642 1643 1644
f 1642 1644 1636
f 1643 1633 1645
f 1643 1645 1644
f 1644 1645 1646
f 1644 1646 1636
f 1645 1633 1647
f 1645 1647 1646
f 1646 1647 1648
f 1646 1648 1636
f 1647 1633 1649
f 1647 1649 1648
f 1648 1649 1650
f 1648 1650 1636
f 1649 1633 1651
f 1649 1651 1650
f 1650 1651 1652
f 1650 1652 1636
f 1651 1633 1653
f 1651 1653 1652
f 1652 1653 1654
f 1652 1654 1636
f 1653 1633 1655
f 1653 1655 1654
f 1654 1655 1656
f 1654 1656 1636
f 1655 1633 1657
f 1655 1657 1656
f 1656 1657 1658
f 1656 1658 1636
f 1657 1633 1634
f 1657 1634 1658
f 1658 1634 1635
f 1658 1635 1636

o ALT1_OP14
v -34.55000000 0.00000000 -36.01000000 0.24313725 0.39215686 0.58823529
v -34.33000000 0.00000000 -36.01000000 0.24313725 0.39215686 0.58823529
v -34.33000000 1.65000000 -36.01000000 0.24313725 0.39215686 0.58823529
v -34.55000000 1.65000000 -36.01000000 0.24313725 0.39215686 0.58823529
v -34.35947441 0.00000000 -36.12000000 0.24313725 0.39215686 0.58823529
v -34.35947441 1.65000000 -36.12000000 0.24313725 0.39215686 0.58823529
v -34.44000000 0.00000000 -36.20052559 0.24313725 0.39215686 0.58823529
v -34.44000000 1.65000000 -36.20052559 0.24313725 0.39215686 0.58823529
v -34.55000000 0.00000000 -36.23000000 0.24313725 0.39215686 0.58823529
v -34.55000000 1.65000000 -36.23000000 0.24313725 0.39215686 0.58823529
v -34.66000000 0.00000000 -36.20052559 0.24313725 0.39215686 0.58823529
v -34.66000000 1.65000000 -36.20052559 0.24313725 0.39215686 0.58823529
v -34.74052559 0.00000000 -36.12000000 0.24313725 0.39215686 0.58823529
v -34.74052559 1.65000000 -36.12000000 0.24313725 0.39215686 0.58823529
v -34.77000000 0.00000000 -36.01000000 0.24313725 0.39215686 0.58823529
v -34.77000000 1.65000000 -36.01000000 0.24313725 0.39215686 0.58823529
v -34.74052559 0.00000000 -35.90000000 0.24313725 0.39215686 0.58823529
v -34.74052559 1.65000000 -35.90000000 0.24313725 0.39215686 0.58823529
v -34.66000000 0.00000000 -35.81947441 0.24313725 0.39215686 0.58823529
v -34.66000000 1.65000000 -35.81947441 0.24313725 0.39215686 0.58823529
v -34.55000000 0.00000000 -35.79000000 0.24313725 0.39215686 0.58823529
v -34.55000000 1.65000000 -35.79000000 0.24313725 0.39215686 0.58823529
v -34.44000000 0.00000000 -35.81947441 0.24313725 0.39215686 0.58823529
v -34.44000000 1.65000000 -35.81947441 0.24313725 0.39215686 0.58823529
v -34.35947441 0.00000000 -35.90000000 0.24313725 0.39215686 0.58823529
v -34.35947441 1.65000000 -35.90000000 0.24313725 0.39215686 0.58823529
f 1660 1659 1663
f 1660 1663 1661
f 1661 1663 1664
f 1661 1664 1662
f 1663 1659 1665
f 1663 1665 1664
f 1664 1665 1666
f 1664 1666 1662
f 1665 1659 1667
f 1665 1667 1666
f 1666 1667 1668
f 1666 1668 1662
f 1667 1659 1669
f 1667 1669 1668
f 1668 1669 1670
f 1668 1670 1662
f 1669 1659 1671
f 1669 1671 1670
f 1670 1671 1672
f 1670 1672 1662
f 1671 1659 1673
f 1671 1673 1672
f 1672 1673 1674
f 1672 1674 1662
f 1673 1659 1675
f 1673 1675 1674
f 1674 1675 1676
f 1674 1676 1662
f 1675 1659 1677
f 1675 1677 1676
f 1676 1677 1678
f 1676 1678 1662
f 1677 1659 1679
f 1677 1679 1678
f 1678 1679 1680
f 1678 1680 1662
f 1679 1659 1681
f 1679 1681 1680
f 1680 1681 1682
f 1680 1682 1662
f 1681 1659 1683
f 1681 1683 1682
f 1682 1683 1684
f 1682 1684 1662
f 1683 1659 1660
f 1683 1660 1684
f 1684 1660 1661
f 1684 1661 1662

o ALT1_OP15
v 16.15000000 0.00000000 -12.89000000 0.24313725 0.39215686 0.58823529
v 16.37000000 0.00000000 -12.89000000 0.24313725 0.39215686 0.58823529
v 16.37000000 1.65000000 -12.89000000 0.24313725 0.39215686 0.58823529
v 16.15000000 1.65000000 -12.89000000 0.24313725 0.39215686 0.58823529
v 16.34052559 0.00000000 -13.00000000 0.24313725 0.39215686 0.58823529
v 16.34052559 1.65000000 -13.00000000 0.24313725 0.39215686 0.58823529
v 16.26000000 0.00000000 -13.08052559 0.24313725 0.39215686 0.58823529
v 16.26000000 1.65000000 -13.08052559 0.24313725 0.39215686 0.58823529
v 16.15000000 0.00000000 -13.11000000 0.24313725 0.39215686 0.58823529
v 16.15000000 1.65000000 -13.11000000 0.24313725 0.39215686 0.58823529
v 16.04000000 0.00000000 -13.08052559 0.24313725 0.39215686 0.58823529
v 16.04000000 1.65000000 -13.08052559 0.24313725 0.39215686 0.58823529
v 15.95947441 0.00000000 -13.00000000 0.24313725 0.39215686 0.58823529
v 15.95947441 1.65000000 -13.00000000 0.24313725 0.39215686 0.58823529
v 15.93000000 0.00000000 -12.89000000 0.24313725 0.39215686 0.58823529
v 15.93000000 1.65000000 -12.89000000 0.24313725 0.39215686 0.58823529
v 15.95947441 0.00000000 -12.78000000 0.24313725 0.39215686 0.58823529
v 15.95947441 1.65000000 -12.78000000 0.24313725 0.39215686 0.58823529
v 16.04000000 0.00000000 -12.69947441 0.24313725 0.39215686 0.58823529
v 16.04000000 1.65000000 -12.69947441 0.24313725 0.39215686 0.58823529
v 16.15000000 0.00000000 -12.67000000 0.24313725 0.39215686 0.58823529
v 16.15000000 1.65000000 -12.67000000 0.24313725 0.39215686 0.58823529
v 16.26000000 0.00000000 -12.69947441 0.24313725 0.39215686 0.58823529
v 16.26000000 1.65000000 -12.69947441 0.24313725 0.39215686 0.58823529
v 16.34052559 0.00000000 -12.78000000 0.24313725 0.39215686 0.58823529
v 16.34052559 1.65000000 -12.78000000 0.24313725 0.39215686 0.58823529
f 1686 1685 1689
f 1686 1689 1687
f 1687 1689 1690
f 1687 1690 1688
f 1689 1685 1691
f 1689 1691 1690
f 1690 1691 1692
f 1690 1692 1688
f 1691 1685 1693
f 1691 1693 1692
f 1692 1693 1694
f 1692 1694 1688
f 1693 1685 1695
f 1693 1695 1694
f 1694 1695 1696
f 1694 1696 1688
f 1695 1685 1697
f 1695 1697 1696
f 1696 1697 1698
f 1696 1698 1688
f 1697 1685 1699
f 1697 1699 1698
f 1698 1699 1700
f 1698 1700 1688
f 1699 1685 1701
f 1699 1701 1700
f 1700 1701 1702
f 1700 1702 1688
f 1701 1685 1703
f 1701 1703 1702
f 1702 1703 1704
f 1702 1704 1688
f 1703 1685 1705
f 1703 1705 1704
f 1704 1705 1706
f 1704 1706 1688
f 1705 1685 1707
f 1705 1707 1706
f 1706 1707 1708
f 1706 1708 1688
f 1707 1685 1709
f 1707 1709 1708
f 1708 1709 1710
f 1708 1710 1688
f 1709 1685 1686
f 1709 1686 1710
f 1710 1686 1687
f 1710 1687 1688

o ALT1_OP16
v -11.40000000 0.00000000 -50.15000000 0.24313725 0.39215686 0.58823529
v -11.18000000 0.00000000 -50.15000000 0.24313725 0.39215686 0.58823529
v -11.18000000 1.65000000 -50.15000000 0.24313725 0.39215686 0.58823529
v -11.40000000 1.65000000 -50.15000000 0.24313725 0.39215686 0.58823529
v -11.20947441 0.00000000 -50.26000000 0.24313725 0.39215686 0.58823529
v -11.20947441 1.65000000 -50.26000000 0.24313725 0.39215686 0.58823529
v -11.29000000 0.00000000 -50.34052559 0.24313725 0.39215686 0.58823529
v -11.29000000 1.65000000 -50.34052559 0.24313725 0.39215686 0.58823529
v -11.40000000 0.00000000 -50.37000000 0.24313725 0.39215686 0.58823529
v -11.40000000 1.65000000 -50.37000000 0.24313725 0.39215686 0.58823529
v -11.51000000 0.00000000 -50.34052559 0.24313725 0.39215686 0.58823529
v -11.51000000 1.65000000 -50.34052559 0.24313725 0.39215686 0.58823529
v -11.59052559 0.00000000 -50.26000000 0.24313725 0.39215686 0.58823529
v -11.59052559 1.65000000 -50.26000000 0.24313725 0.39215686 0.58823529
v -11.62000000 0.00000000 -50.15000000 0.24313725 0.39215686 0.58823529
v -11.62000000 1.65000000 -50.15000000 0.24313725 0.39215686 0.58823529
v -11.59052559 0.00000000 -50.04000000 0.24313725 0.39215686 0.58823529
v -11.59052559 1.65000000 -50.04000000 0.24313725 0.39215686 0.58823529
v -11.51000000 0.00000000 -49.95947441 0.24313725 0.39215686 0.58823529
v -11.51000000 1.65000000 -49.95947441 0.24313725 0.39215686 0.58823529
v -11.40000000 0.00000000 -49.93000000 0.24313725 0.39215686 0.58823529
v -11.40000000 1.65000000 -49.93000000 0.24313725 0.39215686 0.58823529
v -11.29000000 0.00000000 -49.95947441 0.24313725 0.39215686 0.58823529
v -11.29000000 1.65000000 -49.95947441 0.24313725 0.39215686 0.58823529
v -11.20947441 0.00000000 -50.04000000 0.24313725 0.39215686 0.58823529
v -11.20947441 1.65000000 -50.04000000 0.24313725 0.39215686 0.58823529
f 1712 1711 1715
f 1712 1715 1713
f 1713 1715 1716
f 1713 1716 1714
f 1715 1711 1717
f 1715 1717 1716
f 1716 1717 1718
f 1716 1718 1714
f 1717 1711 1719
f 1717 1719 1718
f 1718 1719 1720
f 1718 1720 1714
f 1719 1711 1721
f 1719 1721 1720
f 1720 1721 1722
f 1720 1722 1714
f 1721 1711 1723
f 1721 1723 1722
f 1722 1723 1724
f 1722 1724 1714
f 1723 1711 1725
f 1723 1725 1724
f 1724 1725 1726
f 1724 1726 1714
f 1725 1711 1727
f 1725 1727 1726
f 1726 1727 1728
f 1726 1728 1714
f 1727 1711 1729
f 1727 1729 1728
f 1728 1729 1730
f 1728 1730 1714
f 1729 1711 1731
f 1729 1731 1730
f 1730 1731 1732
f 1730 1732 1714
f 1731 1711 1733
f 1731 1733 1732
f 1732 1733 1734
f 1732 1734 1714
f 1733 1711 1735
f 1733 1735 1734
f 1734 1735 1736
f 1734 1736 1714
f 1735 1711 1712
f 1735 1712 1736
f 1736 1712 1713
f 1736 1713 1714

